/css/custom.cm	assets/site/css/custom.css
/js/advanced_trace.js	assets/site/js/advanced_trace.js
/js/alarm_badge.js	assets/site/js/alarm_badge.js
/js/alarm_menu.js	assets/site/js/alarm_menu.js
/js/android_image_upload.js	assets/site/js/android_image_upload.js
/js/app.js	assets/site/js/app.js
/js/article_reaction.js	assets/site/js/article_reaction.js
/js/board_common.js	assets/site/js/board_common.js
/js/brandscope.js	assets/site/js/brandscope.js
/js/channel_plugin.js	assets/site/js/channel_plugin.js
/js/device_uuid.js	assets/site/js/device_uuid.js
/js/gallery.js	assets/site/js/gallery.js
/js/header_center_colgroup.js	assets/site/js/header_center_colgroup.js
/js/header_fixed_menu.js	assets/site/js/header_fixed_menu.js
/js/header_mega_dropdown.js	assets/site/js/header_mega_dropdown.js
/js/header_more_menu.js	assets/site/js/header_more_menu.js
/js/header_overlay.js	assets/site/js/header_overlay.js
/js/image.js	assets/site/js/image.js
/js/imweb_external_sdk.js	assets/site/js/imweb_external_sdk.js
/js/init_datadog_rum.js	assets/site/js/init_datadog_rum.js
/js/jq_load_marker.js	assets/site/js/jq_load_marker.js
/js/library_image.js	assets/site/js/library_image.js
/js/localize/KR_KRW_currency.js	assets/site/js/localize/KR_KRW_currency.js
/js/mobile_carousel_menu.js	assets/site/js/mobile_carousel_menu.js
/js/mobile_menu.js	assets/site/js/mobile_menu.js
/js/one_page.js	assets/site/js/one_page.js
/js/post.js	assets/site/js/post.js
/js/post_comment.js	assets/site/js/post_comment.js
/js/preview_mode.js	assets/site/js/preview_mode.js
/js/recent_product.js	assets/site/js/recent_product.js
/js/secret_article.js	assets/site/js/secret_article.js
/js/site.js	assets/site/js/site.js
/js/site_animation.js	assets/site/js/site_animation.js
/js/site_booking.js	assets/site/js/site_booking.js
/js/site_coupon.js	assets/site/js/site_coupon.js
/js/site_event_check.js	assets/site/js/site_event_check.js
/js/site_form.js	assets/site/js/site_form.js
/js/site_log.js	assets/site/js/site_log.js
/js/site_member.js	assets/site/js/site_member.js
/js/site_search.js	assets/site/js/site_search.js
/js/site_section.js	assets/site/js/site_section.js
/js/site_shop/site_shop.js	assets/site/js/site_shop/site_shop.js
/js/site_shop/site_shop_analytics_sdk.js	assets/site/js/site_shop/site_shop_analytics_sdk.js
/js/site_shop/site_shop_free_ship_notify_sdk.js	assets/site/js/site_shop/site_shop_free_ship_notify_sdk.js
/js/site_shop/site_shop_payment_method_benefit_sdk.js	assets/site/js/site_shop/site_shop_payment_method_benefit_sdk.js
/js/site_shop_mypage.js	assets/site/js/site_shop_mypage.js
/js/site_video.js	assets/site/js/site_video.js
/js/site_widget.js	assets/site/js/site_widget.js
/js/sns_share.js	assets/site/js/sns_share.js
/js/zipcode_daum.js	assets/site/js/zipcode_daum.js
https://cdn.imweb.me/thumbnail/20230626/549110bb40093.jpg	assets/cdn/thumbnail/20230626/549110bb40093.jpg
https://cdn.imweb.me/thumbnail/20230626/549110bb40093.jpg'); background-position:50% 50%;  background-size:cover; background-repeat: no-repeat; position: absolute;left: 0;top: 0;right: 0; bottom: 0;	assets/cdn/thumbnail/20230626/549110bb40093.jpg'); background-position:50% 50%;  background-size:cover; background-repeat: no-repeat; position: absolute;left: 0;top: 0;right: 0; bottom: 0;
https://cdn.imweb.me/thumbnail/20230626/549110bb40093.jpg) !important;	assets/cdn/thumbnail/20230626/549110bb40093.jpg) !important;
https://cdn.imweb.me/thumbnail/20230626/85d1f4854274e.png	assets/cdn/thumbnail/20230626/85d1f4854274e.png
https://cdn.imweb.me/thumbnail/20230627/007087887f85f.jpg	assets/cdn/thumbnail/20230627/007087887f85f.jpg
https://cdn.imweb.me/thumbnail/20230627/007087887f85f.jpg'); background-position:50% 50%;  background-size:cover; background-repeat: no-repeat; position: absolute;left: 0;top: 0;right: 0; bottom: 0;	assets/cdn/thumbnail/20230627/007087887f85f.jpg'); background-position:50% 50%;  background-size:cover; background-repeat: no-repeat; position: absolute;left: 0;top: 0;right: 0; bottom: 0;
https://cdn.imweb.me/thumbnail/20230627/1a975a3d405c0.jpg	assets/cdn/thumbnail/20230627/1a975a3d405c0.jpg
https://cdn.imweb.me/thumbnail/20230627/1a975a3d405c0.jpg)	assets/cdn/thumbnail/20230627/1a975a3d405c0.jpg)
https://cdn.imweb.me/thumbnail/20230627/1a975a3d405c0.jpg);;	assets/cdn/thumbnail/20230627/1a975a3d405c0.jpg);;
https://cdn.imweb.me/thumbnail/20230627/1af88419b2054.jpg	assets/cdn/thumbnail/20230627/1af88419b2054.jpg
https://cdn.imweb.me/thumbnail/20230627/1e83640f7140f.jpg	assets/cdn/thumbnail/20230627/1e83640f7140f.jpg
https://cdn.imweb.me/thumbnail/20230627/2abc481f88d90.png	assets/cdn/thumbnail/20230627/2abc481f88d90.png
https://cdn.imweb.me/thumbnail/20230627/315bccef7e3a4.jpg	assets/cdn/thumbnail/20230627/315bccef7e3a4.jpg
https://cdn.imweb.me/thumbnail/20230627/3b02d2a77032d.jpg	assets/cdn/thumbnail/20230627/3b02d2a77032d.jpg
https://cdn.imweb.me/thumbnail/20230627/3b02d2a77032d.jpg'); background-position:50% 50%;  background-size:cover; background-repeat: no-repeat; position: absolute;left: 0;top: 0;right: 0; bottom: 0;	assets/cdn/thumbnail/20230627/3b02d2a77032d.jpg'); background-position:50% 50%;  background-size:cover; background-repeat: no-repeat; position: absolute;left: 0;top: 0;right: 0; bottom: 0;
https://cdn.imweb.me/thumbnail/20230627/3f50a40c2f66f.jpg	assets/cdn/thumbnail/20230627/3f50a40c2f66f.jpg
https://cdn.imweb.me/thumbnail/20230627/574487c746859.jpg	assets/cdn/thumbnail/20230627/574487c746859.jpg
https://cdn.imweb.me/thumbnail/20230627/574487c746859.jpg)	assets/cdn/thumbnail/20230627/574487c746859.jpg)
https://cdn.imweb.me/thumbnail/20230627/574487c746859.jpg);;	assets/cdn/thumbnail/20230627/574487c746859.jpg);;
https://cdn.imweb.me/thumbnail/20230627/6a80fcdd5d87e.jpg	assets/cdn/thumbnail/20230627/6a80fcdd5d87e.jpg
https://cdn.imweb.me/thumbnail/20230627/6a80fcdd5d87e.jpg'); background-position:50% 50%;  background-size:cover; background-repeat: no-repeat; position: absolute;left: 0;top: 0;right: 0; bottom: 0;	assets/cdn/thumbnail/20230627/6a80fcdd5d87e.jpg'); background-position:50% 50%;  background-size:cover; background-repeat: no-repeat; position: absolute;left: 0;top: 0;right: 0; bottom: 0;
https://cdn.imweb.me/thumbnail/20230627/6c6f3d066848d.png	assets/cdn/thumbnail/20230627/6c6f3d066848d.png
https://cdn.imweb.me/thumbnail/20230627/73cfe8174c4e2.jpg	assets/cdn/thumbnail/20230627/73cfe8174c4e2.jpg
https://cdn.imweb.me/thumbnail/20230627/82b02cb8aea3a.jpg	assets/cdn/thumbnail/20230627/82b02cb8aea3a.jpg
https://cdn.imweb.me/thumbnail/20230627/82b02cb8aea3a.jpg)	assets/cdn/thumbnail/20230627/82b02cb8aea3a.jpg)
https://cdn.imweb.me/thumbnail/20230627/82b02cb8aea3a.jpg);;	assets/cdn/thumbnail/20230627/82b02cb8aea3a.jpg);;
https://cdn.imweb.me/thumbnail/20230627/8804b75618813.jpg	assets/cdn/thumbnail/20230627/8804b75618813.jpg
https://cdn.imweb.me/thumbnail/20230627/8804b75618813.jpg)	assets/cdn/thumbnail/20230627/8804b75618813.jpg)
https://cdn.imweb.me/thumbnail/20230627/8804b75618813.jpg);;	assets/cdn/thumbnail/20230627/8804b75618813.jpg);;
https://cdn.imweb.me/thumbnail/20230627/a2775078d0982.jpg	assets/cdn/thumbnail/20230627/a2775078d0982.jpg
https://cdn.imweb.me/thumbnail/20230627/a4d817066bb7e.jpg	assets/cdn/thumbnail/20230627/a4d817066bb7e.jpg
https://cdn.imweb.me/thumbnail/20230627/a4d817066bb7e.jpg)	assets/cdn/thumbnail/20230627/a4d817066bb7e.jpg)
https://cdn.imweb.me/thumbnail/20230627/a4d817066bb7e.jpg);;	assets/cdn/thumbnail/20230627/a4d817066bb7e.jpg);;
https://cdn.imweb.me/thumbnail/20230627/a672aacd4c198.jpg	assets/cdn/thumbnail/20230627/a672aacd4c198.jpg
https://cdn.imweb.me/thumbnail/20230627/ada141439bbaa.png	assets/cdn/thumbnail/20230627/ada141439bbaa.png
https://cdn.imweb.me/thumbnail/20230627/b9e0bc6334d77.jpg	assets/cdn/thumbnail/20230627/b9e0bc6334d77.jpg
https://cdn.imweb.me/thumbnail/20230627/c7e5a1e103ea2.jpg	assets/cdn/thumbnail/20230627/c7e5a1e103ea2.jpg
https://cdn.imweb.me/thumbnail/20230627/c7e5a1e103ea2.jpg'); background-position:50% 50%;  background-size:cover; background-repeat: no-repeat; position: absolute;left: 0;top: 0;right: 0; bottom: 0;	assets/cdn/thumbnail/20230627/c7e5a1e103ea2.jpg'); background-position:50% 50%;  background-size:cover; background-repeat: no-repeat; position: absolute;left: 0;top: 0;right: 0; bottom: 0;
https://cdn.imweb.me/thumbnail/20230627/c90dc34698ce2.jpg	assets/cdn/thumbnail/20230627/c90dc34698ce2.jpg
https://cdn.imweb.me/thumbnail/20230627/c90dc34698ce2.jpg'); background-position:50% 50%;  background-size:cover; background-repeat: no-repeat; position: absolute;left: 0;top: 0;right: 0; bottom: 0;	assets/cdn/thumbnail/20230627/c90dc34698ce2.jpg'); background-position:50% 50%;  background-size:cover; background-repeat: no-repeat; position: absolute;left: 0;top: 0;right: 0; bottom: 0;
https://cdn.imweb.me/thumbnail/20230627/c90dc34698ce2.jpg) !important;	assets/cdn/thumbnail/20230627/c90dc34698ce2.jpg) !important;
https://cdn.imweb.me/thumbnail/20230627/c95dac384ff8f.png	assets/cdn/thumbnail/20230627/c95dac384ff8f.png
https://cdn.imweb.me/thumbnail/20230627/ca5f169a6b0e6.jpg	assets/cdn/thumbnail/20230627/ca5f169a6b0e6.jpg
https://cdn.imweb.me/thumbnail/20230627/d4d9d55b3d7d1.png	assets/cdn/thumbnail/20230627/d4d9d55b3d7d1.png
https://cdn.imweb.me/thumbnail/20230627/def60122e6b1b.jpg	assets/cdn/thumbnail/20230627/def60122e6b1b.jpg
https://cdn.imweb.me/thumbnail/20230627/def60122e6b1b.jpg)	assets/cdn/thumbnail/20230627/def60122e6b1b.jpg)
https://cdn.imweb.me/thumbnail/20230627/def60122e6b1b.jpg);;	assets/cdn/thumbnail/20230627/def60122e6b1b.jpg);;
https://cdn.imweb.me/thumbnail/20230627/e5fe5c99d6a6e.jpg	assets/cdn/thumbnail/20230627/e5fe5c99d6a6e.jpg
https://cdn.imweb.me/thumbnail/20230627/e5fe5c99d6a6e.jpg'); background-position:50% 50%;  background-size:cover; background-repeat: no-repeat; position: absolute;left: 0;top: 0;right: 0; bottom: 0;	assets/cdn/thumbnail/20230627/e5fe5c99d6a6e.jpg'); background-position:50% 50%;  background-size:cover; background-repeat: no-repeat; position: absolute;left: 0;top: 0;right: 0; bottom: 0;
https://cdn.imweb.me/thumbnail/20230627/e89a17ffde108.jpg	assets/cdn/thumbnail/20230627/e89a17ffde108.jpg
https://cdn.imweb.me/thumbnail/20230627/e89a17ffde108.jpg'); background-position:50% 50%;  background-size:cover; background-repeat: no-repeat; position: absolute;left: 0;top: 0;right: 0; bottom: 0;	assets/cdn/thumbnail/20230627/e89a17ffde108.jpg'); background-position:50% 50%;  background-size:cover; background-repeat: no-repeat; position: absolute;left: 0;top: 0;right: 0; bottom: 0;
https://cdn.imweb.me/thumbnail/20230627/e89a17ffde108.jpg) !important;	assets/cdn/thumbnail/20230627/e89a17ffde108.jpg) !important;
https://cdn.imweb.me/thumbnail/20230627/fff27c4432c84.jpg	assets/cdn/thumbnail/20230627/fff27c4432c84.jpg
https://cdn.imweb.me/thumbnail/20230627/fff27c4432c84.jpg'); background-position:50% 50%;  background-size:cover; background-repeat: no-repeat; position: absolute;left: 0;top: 0;right: 0; bottom: 0;	assets/cdn/thumbnail/20230627/fff27c4432c84.jpg'); background-position:50% 50%;  background-size:cover; background-repeat: no-repeat; position: absolute;left: 0;top: 0;right: 0; bottom: 0;
https://cdn.imweb.me/thumbnail/20230628/24aa146c7c12e.jpg	assets/cdn/thumbnail/20230628/24aa146c7c12e.jpg
https://cdn.imweb.me/thumbnail/20230628/24aa146c7c12e.jpg)	assets/cdn/thumbnail/20230628/24aa146c7c12e.jpg)
https://cdn.imweb.me/thumbnail/20230628/24aa146c7c12e.jpg);;	assets/cdn/thumbnail/20230628/24aa146c7c12e.jpg);;
https://cdn.imweb.me/thumbnail/20230628/281fca7d0d970.png	assets/cdn/thumbnail/20230628/281fca7d0d970.png
https://cdn.imweb.me/thumbnail/20230628/296001f05a300.jpg	assets/cdn/thumbnail/20230628/296001f05a300.jpg
https://cdn.imweb.me/thumbnail/20230628/296001f05a300.jpg)	assets/cdn/thumbnail/20230628/296001f05a300.jpg)
https://cdn.imweb.me/thumbnail/20230628/296001f05a300.jpg);;	assets/cdn/thumbnail/20230628/296001f05a300.jpg);;
https://cdn.imweb.me/thumbnail/20230628/3133a2e40b2a1.jpg	assets/cdn/thumbnail/20230628/3133a2e40b2a1.jpg
https://cdn.imweb.me/thumbnail/20230628/3133a2e40b2a1.jpg)	assets/cdn/thumbnail/20230628/3133a2e40b2a1.jpg)
https://cdn.imweb.me/thumbnail/20230628/3133a2e40b2a1.jpg);;	assets/cdn/thumbnail/20230628/3133a2e40b2a1.jpg);;
https://cdn.imweb.me/thumbnail/20230628/31366db88e2fd.jpg	assets/cdn/thumbnail/20230628/31366db88e2fd.jpg
https://cdn.imweb.me/thumbnail/20230628/31366db88e2fd.jpg)	assets/cdn/thumbnail/20230628/31366db88e2fd.jpg)
https://cdn.imweb.me/thumbnail/20230628/31366db88e2fd.jpg);;	assets/cdn/thumbnail/20230628/31366db88e2fd.jpg);;
https://cdn.imweb.me/thumbnail/20230628/375b215eebca8.jpg	assets/cdn/thumbnail/20230628/375b215eebca8.jpg
https://cdn.imweb.me/thumbnail/20230628/39dfb0b777c96.jpg	assets/cdn/thumbnail/20230628/39dfb0b777c96.jpg
https://cdn.imweb.me/thumbnail/20230628/3fa4842953152.jpg	assets/cdn/thumbnail/20230628/3fa4842953152.jpg
https://cdn.imweb.me/thumbnail/20230628/3fa4842953152.jpg)	assets/cdn/thumbnail/20230628/3fa4842953152.jpg)
https://cdn.imweb.me/thumbnail/20230628/3fa4842953152.jpg);;	assets/cdn/thumbnail/20230628/3fa4842953152.jpg);;
https://cdn.imweb.me/thumbnail/20230628/412d93c4a0c79.jpg	assets/cdn/thumbnail/20230628/412d93c4a0c79.jpg
https://cdn.imweb.me/thumbnail/20230628/412d93c4a0c79.jpg)	assets/cdn/thumbnail/20230628/412d93c4a0c79.jpg)
https://cdn.imweb.me/thumbnail/20230628/412d93c4a0c79.jpg);;	assets/cdn/thumbnail/20230628/412d93c4a0c79.jpg);;
https://cdn.imweb.me/thumbnail/20230628/46ac646588046.jpg	assets/cdn/thumbnail/20230628/46ac646588046.jpg
https://cdn.imweb.me/thumbnail/20230628/46ac646588046.jpg)	assets/cdn/thumbnail/20230628/46ac646588046.jpg)
https://cdn.imweb.me/thumbnail/20230628/46ac646588046.jpg);;	assets/cdn/thumbnail/20230628/46ac646588046.jpg);;
https://cdn.imweb.me/thumbnail/20230628/4744acbca111e.jpg	assets/cdn/thumbnail/20230628/4744acbca111e.jpg
https://cdn.imweb.me/thumbnail/20230628/4a5c0df50ac99.jpg	assets/cdn/thumbnail/20230628/4a5c0df50ac99.jpg
https://cdn.imweb.me/thumbnail/20230628/4a5c0df50ac99.jpg)	assets/cdn/thumbnail/20230628/4a5c0df50ac99.jpg)
https://cdn.imweb.me/thumbnail/20230628/4a5c0df50ac99.jpg);;	assets/cdn/thumbnail/20230628/4a5c0df50ac99.jpg);;
https://cdn.imweb.me/thumbnail/20230628/4b299bfbd2a5e.jpg	assets/cdn/thumbnail/20230628/4b299bfbd2a5e.jpg
https://cdn.imweb.me/thumbnail/20230628/4b299bfbd2a5e.jpg)	assets/cdn/thumbnail/20230628/4b299bfbd2a5e.jpg)
https://cdn.imweb.me/thumbnail/20230628/4b299bfbd2a5e.jpg);;	assets/cdn/thumbnail/20230628/4b299bfbd2a5e.jpg);;
https://cdn.imweb.me/thumbnail/20230628/4cfdc3627a942.jpg	assets/cdn/thumbnail/20230628/4cfdc3627a942.jpg
https://cdn.imweb.me/thumbnail/20230628/4cfdc3627a942.jpg)	assets/cdn/thumbnail/20230628/4cfdc3627a942.jpg)
https://cdn.imweb.me/thumbnail/20230628/4cfdc3627a942.jpg);;	assets/cdn/thumbnail/20230628/4cfdc3627a942.jpg);;
https://cdn.imweb.me/thumbnail/20230628/4ff653bcd7e42.jpg	assets/cdn/thumbnail/20230628/4ff653bcd7e42.jpg
https://cdn.imweb.me/thumbnail/20230628/4ff653bcd7e42.jpg)	assets/cdn/thumbnail/20230628/4ff653bcd7e42.jpg)
https://cdn.imweb.me/thumbnail/20230628/4ff653bcd7e42.jpg);;	assets/cdn/thumbnail/20230628/4ff653bcd7e42.jpg);;
https://cdn.imweb.me/thumbnail/20230628/53dc0804de1a0.jpg	assets/cdn/thumbnail/20230628/53dc0804de1a0.jpg
https://cdn.imweb.me/thumbnail/20230628/53dc0804de1a0.jpg)	assets/cdn/thumbnail/20230628/53dc0804de1a0.jpg)
https://cdn.imweb.me/thumbnail/20230628/53dc0804de1a0.jpg);;	assets/cdn/thumbnail/20230628/53dc0804de1a0.jpg);;
https://cdn.imweb.me/thumbnail/20230628/56d8456398bfe.jpg	assets/cdn/thumbnail/20230628/56d8456398bfe.jpg
https://cdn.imweb.me/thumbnail/20230628/56d8456398bfe.jpg)	assets/cdn/thumbnail/20230628/56d8456398bfe.jpg)
https://cdn.imweb.me/thumbnail/20230628/56d8456398bfe.jpg);;	assets/cdn/thumbnail/20230628/56d8456398bfe.jpg);;
https://cdn.imweb.me/thumbnail/20230628/56ef37329c780.jpg	assets/cdn/thumbnail/20230628/56ef37329c780.jpg
https://cdn.imweb.me/thumbnail/20230628/56ef37329c780.jpg)	assets/cdn/thumbnail/20230628/56ef37329c780.jpg)
https://cdn.imweb.me/thumbnail/20230628/56ef37329c780.jpg);;	assets/cdn/thumbnail/20230628/56ef37329c780.jpg);;
https://cdn.imweb.me/thumbnail/20230628/5f79e854f7f30.png	assets/cdn/thumbnail/20230628/5f79e854f7f30.png
https://cdn.imweb.me/thumbnail/20230628/6107d47034ce7.jpg	assets/cdn/thumbnail/20230628/6107d47034ce7.jpg
https://cdn.imweb.me/thumbnail/20230628/6107d47034ce7.jpg)	assets/cdn/thumbnail/20230628/6107d47034ce7.jpg)
https://cdn.imweb.me/thumbnail/20230628/6107d47034ce7.jpg);;	assets/cdn/thumbnail/20230628/6107d47034ce7.jpg);;
https://cdn.imweb.me/thumbnail/20230628/618e5bd1880f1.jpg	assets/cdn/thumbnail/20230628/618e5bd1880f1.jpg
https://cdn.imweb.me/thumbnail/20230628/618e5bd1880f1.jpg)	assets/cdn/thumbnail/20230628/618e5bd1880f1.jpg)
https://cdn.imweb.me/thumbnail/20230628/618e5bd1880f1.jpg);;	assets/cdn/thumbnail/20230628/618e5bd1880f1.jpg);;
https://cdn.imweb.me/thumbnail/20230628/620476f078fbc.png	assets/cdn/thumbnail/20230628/620476f078fbc.png
https://cdn.imweb.me/thumbnail/20230628/66242be83ef7c.jpg	assets/cdn/thumbnail/20230628/66242be83ef7c.jpg
https://cdn.imweb.me/thumbnail/20230628/6be2653a878ad.jpg	assets/cdn/thumbnail/20230628/6be2653a878ad.jpg
https://cdn.imweb.me/thumbnail/20230628/6d5f07dc4fec8.jpg	assets/cdn/thumbnail/20230628/6d5f07dc4fec8.jpg
https://cdn.imweb.me/thumbnail/20230628/6d5f07dc4fec8.jpg)	assets/cdn/thumbnail/20230628/6d5f07dc4fec8.jpg)
https://cdn.imweb.me/thumbnail/20230628/6d5f07dc4fec8.jpg);;	assets/cdn/thumbnail/20230628/6d5f07dc4fec8.jpg);;
https://cdn.imweb.me/thumbnail/20230628/77d23e3534653.jpg	assets/cdn/thumbnail/20230628/77d23e3534653.jpg
https://cdn.imweb.me/thumbnail/20230628/77d23e3534653.jpg)	assets/cdn/thumbnail/20230628/77d23e3534653.jpg)
https://cdn.imweb.me/thumbnail/20230628/77d23e3534653.jpg);;	assets/cdn/thumbnail/20230628/77d23e3534653.jpg);;
https://cdn.imweb.me/thumbnail/20230628/90e4e254ddba8.jpg	assets/cdn/thumbnail/20230628/90e4e254ddba8.jpg
https://cdn.imweb.me/thumbnail/20230628/a40a29305b68c.jpg	assets/cdn/thumbnail/20230628/a40a29305b68c.jpg
https://cdn.imweb.me/thumbnail/20230628/a40a29305b68c.jpg)	assets/cdn/thumbnail/20230628/a40a29305b68c.jpg)
https://cdn.imweb.me/thumbnail/20230628/a40a29305b68c.jpg);;	assets/cdn/thumbnail/20230628/a40a29305b68c.jpg);;
https://cdn.imweb.me/thumbnail/20230628/abe32838398e5.jpg	assets/cdn/thumbnail/20230628/abe32838398e5.jpg
https://cdn.imweb.me/thumbnail/20230628/abe32838398e5.jpg)	assets/cdn/thumbnail/20230628/abe32838398e5.jpg)
https://cdn.imweb.me/thumbnail/20230628/abe32838398e5.jpg);;	assets/cdn/thumbnail/20230628/abe32838398e5.jpg);;
https://cdn.imweb.me/thumbnail/20230628/aca06f8cc290d.jpg	assets/cdn/thumbnail/20230628/aca06f8cc290d.jpg
https://cdn.imweb.me/thumbnail/20230628/aca06f8cc290d.jpg)	assets/cdn/thumbnail/20230628/aca06f8cc290d.jpg)
https://cdn.imweb.me/thumbnail/20230628/aca06f8cc290d.jpg);;	assets/cdn/thumbnail/20230628/aca06f8cc290d.jpg);;
https://cdn.imweb.me/thumbnail/20230628/af13fbae24ded.png	assets/cdn/thumbnail/20230628/af13fbae24ded.png
https://cdn.imweb.me/thumbnail/20230628/b6ac704ee4930.jpg	assets/cdn/thumbnail/20230628/b6ac704ee4930.jpg
https://cdn.imweb.me/thumbnail/20230628/b6ac704ee4930.jpg)	assets/cdn/thumbnail/20230628/b6ac704ee4930.jpg)
https://cdn.imweb.me/thumbnail/20230628/b6ac704ee4930.jpg);;	assets/cdn/thumbnail/20230628/b6ac704ee4930.jpg);;
https://cdn.imweb.me/thumbnail/20230628/bc400f3cfbc31.jpg	assets/cdn/thumbnail/20230628/bc400f3cfbc31.jpg
https://cdn.imweb.me/thumbnail/20230628/bc400f3cfbc31.jpg)	assets/cdn/thumbnail/20230628/bc400f3cfbc31.jpg)
https://cdn.imweb.me/thumbnail/20230628/bc400f3cfbc31.jpg);;	assets/cdn/thumbnail/20230628/bc400f3cfbc31.jpg);;
https://cdn.imweb.me/thumbnail/20230628/bda463c33b0d4.jpg	assets/cdn/thumbnail/20230628/bda463c33b0d4.jpg
https://cdn.imweb.me/thumbnail/20230628/bda463c33b0d4.jpg)	assets/cdn/thumbnail/20230628/bda463c33b0d4.jpg)
https://cdn.imweb.me/thumbnail/20230628/bda463c33b0d4.jpg);;	assets/cdn/thumbnail/20230628/bda463c33b0d4.jpg);;
https://cdn.imweb.me/thumbnail/20230628/c1c49e5f78b69.jpg	assets/cdn/thumbnail/20230628/c1c49e5f78b69.jpg
https://cdn.imweb.me/thumbnail/20230628/c1c49e5f78b69.jpg)	assets/cdn/thumbnail/20230628/c1c49e5f78b69.jpg)
https://cdn.imweb.me/thumbnail/20230628/c1c49e5f78b69.jpg);;	assets/cdn/thumbnail/20230628/c1c49e5f78b69.jpg);;
https://cdn.imweb.me/thumbnail/20230628/c26e0454b4660.jpg	assets/cdn/thumbnail/20230628/c26e0454b4660.jpg
https://cdn.imweb.me/thumbnail/20230628/c2c9e223a1618.jpg	assets/cdn/thumbnail/20230628/c2c9e223a1618.jpg
https://cdn.imweb.me/thumbnail/20230628/c2c9e223a1618.jpg)	assets/cdn/thumbnail/20230628/c2c9e223a1618.jpg)
https://cdn.imweb.me/thumbnail/20230628/c2c9e223a1618.jpg);;	assets/cdn/thumbnail/20230628/c2c9e223a1618.jpg);;
https://cdn.imweb.me/thumbnail/20230628/dafe431742959.jpg	assets/cdn/thumbnail/20230628/dafe431742959.jpg
https://cdn.imweb.me/thumbnail/20230628/dafe431742959.jpg)	assets/cdn/thumbnail/20230628/dafe431742959.jpg)
https://cdn.imweb.me/thumbnail/20230628/dafe431742959.jpg);;	assets/cdn/thumbnail/20230628/dafe431742959.jpg);;
https://cdn.imweb.me/thumbnail/20230628/db2bd0b76243d.jpg	assets/cdn/thumbnail/20230628/db2bd0b76243d.jpg
https://cdn.imweb.me/thumbnail/20230628/e60bf7581a78a.jpg	assets/cdn/thumbnail/20230628/e60bf7581a78a.jpg
https://cdn.imweb.me/thumbnail/20230628/e60bf7581a78a.jpg)	assets/cdn/thumbnail/20230628/e60bf7581a78a.jpg)
https://cdn.imweb.me/thumbnail/20230628/e60bf7581a78a.jpg);;	assets/cdn/thumbnail/20230628/e60bf7581a78a.jpg);;
https://cdn.imweb.me/thumbnail/20230628/e70b0ba98ba39.jpg	assets/cdn/thumbnail/20230628/e70b0ba98ba39.jpg
https://cdn.imweb.me/thumbnail/20230628/e8c57ddb9d5ea.jpg	assets/cdn/thumbnail/20230628/e8c57ddb9d5ea.jpg
https://cdn.imweb.me/thumbnail/20230628/e985dace2015b.jpg	assets/cdn/thumbnail/20230628/e985dace2015b.jpg
https://cdn.imweb.me/thumbnail/20230628/e985dace2015b.jpg)	assets/cdn/thumbnail/20230628/e985dace2015b.jpg)
https://cdn.imweb.me/thumbnail/20230628/e985dace2015b.jpg);;	assets/cdn/thumbnail/20230628/e985dace2015b.jpg);;
https://cdn.imweb.me/thumbnail/20230628/ec1270384d3c7.jpg	assets/cdn/thumbnail/20230628/ec1270384d3c7.jpg
https://cdn.imweb.me/thumbnail/20230628/ec1270384d3c7.jpg)	assets/cdn/thumbnail/20230628/ec1270384d3c7.jpg)
https://cdn.imweb.me/thumbnail/20230628/ec1270384d3c7.jpg);;	assets/cdn/thumbnail/20230628/ec1270384d3c7.jpg);;
https://cdn.imweb.me/thumbnail/20230628/edb2238c45304.jpg	assets/cdn/thumbnail/20230628/edb2238c45304.jpg
https://cdn.imweb.me/thumbnail/20230628/edb2238c45304.jpg)	assets/cdn/thumbnail/20230628/edb2238c45304.jpg)
https://cdn.imweb.me/thumbnail/20230628/edb2238c45304.jpg);;	assets/cdn/thumbnail/20230628/edb2238c45304.jpg);;
https://cdn.imweb.me/thumbnail/20230628/f2c8e64e1b387.jpg	assets/cdn/thumbnail/20230628/f2c8e64e1b387.jpg
https://cdn.imweb.me/thumbnail/20230628/f2c8e64e1b387.jpg)	assets/cdn/thumbnail/20230628/f2c8e64e1b387.jpg)
https://cdn.imweb.me/thumbnail/20230628/f2c8e64e1b387.jpg);;	assets/cdn/thumbnail/20230628/f2c8e64e1b387.jpg);;
https://cdn.imweb.me/thumbnail/20230628/f894fd0fb687b.jpg	assets/cdn/thumbnail/20230628/f894fd0fb687b.jpg
https://cdn.imweb.me/thumbnail/20230628/f894fd0fb687b.jpg)	assets/cdn/thumbnail/20230628/f894fd0fb687b.jpg)
https://cdn.imweb.me/thumbnail/20230628/f894fd0fb687b.jpg);;	assets/cdn/thumbnail/20230628/f894fd0fb687b.jpg);;
https://cdn.imweb.me/thumbnail/20230628/fc3b5ea2defbd.jpg	assets/cdn/thumbnail/20230628/fc3b5ea2defbd.jpg
https://cdn.imweb.me/thumbnail/20230628/fde09a13b15a3.jpg	assets/cdn/thumbnail/20230628/fde09a13b15a3.jpg
https://cdn.imweb.me/thumbnail/20230628/fde09a13b15a3.jpg)	assets/cdn/thumbnail/20230628/fde09a13b15a3.jpg)
https://cdn.imweb.me/thumbnail/20230628/fde09a13b15a3.jpg);;	assets/cdn/thumbnail/20230628/fde09a13b15a3.jpg);;
https://cdn.imweb.me/thumbnail/20230628/ff56606b682dd.jpg	assets/cdn/thumbnail/20230628/ff56606b682dd.jpg
https://cdn.imweb.me/thumbnail/20230628/ff56606b682dd.jpg)	assets/cdn/thumbnail/20230628/ff56606b682dd.jpg)
https://cdn.imweb.me/thumbnail/20230628/ff56606b682dd.jpg);;	assets/cdn/thumbnail/20230628/ff56606b682dd.jpg);;
https://cdn.imweb.me/thumbnail/20230629/0b0f5b460abce.jpg	assets/cdn/thumbnail/20230629/0b0f5b460abce.jpg
https://cdn.imweb.me/thumbnail/20230629/0f2348ca61903.jpg	assets/cdn/thumbnail/20230629/0f2348ca61903.jpg
https://cdn.imweb.me/thumbnail/20230629/1493e885751c7.png	assets/cdn/thumbnail/20230629/1493e885751c7.png
https://cdn.imweb.me/thumbnail/20230629/15c3cc8bce883.jpg	assets/cdn/thumbnail/20230629/15c3cc8bce883.jpg
https://cdn.imweb.me/thumbnail/20230629/1c77d120252f2.jpg	assets/cdn/thumbnail/20230629/1c77d120252f2.jpg
https://cdn.imweb.me/thumbnail/20230629/1c77d120252f2.jpg)	assets/cdn/thumbnail/20230629/1c77d120252f2.jpg)
https://cdn.imweb.me/thumbnail/20230629/1c77d120252f2.jpg);;	assets/cdn/thumbnail/20230629/1c77d120252f2.jpg);;
https://cdn.imweb.me/thumbnail/20230629/1d58c37a991f3.jpg	assets/cdn/thumbnail/20230629/1d58c37a991f3.jpg
https://cdn.imweb.me/thumbnail/20230629/1f5b399f59c29.jpg	assets/cdn/thumbnail/20230629/1f5b399f59c29.jpg
https://cdn.imweb.me/thumbnail/20230629/2337cf2e1993b.jpg	assets/cdn/thumbnail/20230629/2337cf2e1993b.jpg
https://cdn.imweb.me/thumbnail/20230629/2337cf2e1993b.jpg)	assets/cdn/thumbnail/20230629/2337cf2e1993b.jpg)
https://cdn.imweb.me/thumbnail/20230629/2337cf2e1993b.jpg);;	assets/cdn/thumbnail/20230629/2337cf2e1993b.jpg);;
https://cdn.imweb.me/thumbnail/20230629/30dac3a532dc9.jpg	assets/cdn/thumbnail/20230629/30dac3a532dc9.jpg
https://cdn.imweb.me/thumbnail/20230629/30dac3a532dc9.jpg)	assets/cdn/thumbnail/20230629/30dac3a532dc9.jpg)
https://cdn.imweb.me/thumbnail/20230629/30dac3a532dc9.jpg);;	assets/cdn/thumbnail/20230629/30dac3a532dc9.jpg);;
https://cdn.imweb.me/thumbnail/20230629/31fac6881746b.jpg	assets/cdn/thumbnail/20230629/31fac6881746b.jpg
https://cdn.imweb.me/thumbnail/20230629/38487a89c7a6d.jpg	assets/cdn/thumbnail/20230629/38487a89c7a6d.jpg
https://cdn.imweb.me/thumbnail/20230629/38487a89c7a6d.jpg)	assets/cdn/thumbnail/20230629/38487a89c7a6d.jpg)
https://cdn.imweb.me/thumbnail/20230629/38487a89c7a6d.jpg);;	assets/cdn/thumbnail/20230629/38487a89c7a6d.jpg);;
https://cdn.imweb.me/thumbnail/20230629/3c68047b8af50.jpg	assets/cdn/thumbnail/20230629/3c68047b8af50.jpg
https://cdn.imweb.me/thumbnail/20230629/46e43e617c47c.jpg	assets/cdn/thumbnail/20230629/46e43e617c47c.jpg
https://cdn.imweb.me/thumbnail/20230629/474849f03b008.jpg	assets/cdn/thumbnail/20230629/474849f03b008.jpg
https://cdn.imweb.me/thumbnail/20230629/474849f03b008.jpg)	assets/cdn/thumbnail/20230629/474849f03b008.jpg)
https://cdn.imweb.me/thumbnail/20230629/474849f03b008.jpg);;	assets/cdn/thumbnail/20230629/474849f03b008.jpg);;
https://cdn.imweb.me/thumbnail/20230629/48bb12b11b6fd.jpg	assets/cdn/thumbnail/20230629/48bb12b11b6fd.jpg
https://cdn.imweb.me/thumbnail/20230629/48bb12b11b6fd.jpg)	assets/cdn/thumbnail/20230629/48bb12b11b6fd.jpg)
https://cdn.imweb.me/thumbnail/20230629/48bb12b11b6fd.jpg);;	assets/cdn/thumbnail/20230629/48bb12b11b6fd.jpg);;
https://cdn.imweb.me/thumbnail/20230629/496bd7c1bc5be.png	assets/cdn/thumbnail/20230629/496bd7c1bc5be.png
https://cdn.imweb.me/thumbnail/20230629/4d12f531aacb4.jpg	assets/cdn/thumbnail/20230629/4d12f531aacb4.jpg
https://cdn.imweb.me/thumbnail/20230629/4d12f531aacb4.jpg)	assets/cdn/thumbnail/20230629/4d12f531aacb4.jpg)
https://cdn.imweb.me/thumbnail/20230629/4d12f531aacb4.jpg);;	assets/cdn/thumbnail/20230629/4d12f531aacb4.jpg);;
https://cdn.imweb.me/thumbnail/20230629/543dd0c7a1c92.jpg	assets/cdn/thumbnail/20230629/543dd0c7a1c92.jpg
https://cdn.imweb.me/thumbnail/20230629/5be84a3ffb90e.jpg	assets/cdn/thumbnail/20230629/5be84a3ffb90e.jpg
https://cdn.imweb.me/thumbnail/20230629/5be84a3ffb90e.jpg)	assets/cdn/thumbnail/20230629/5be84a3ffb90e.jpg)
https://cdn.imweb.me/thumbnail/20230629/5be84a3ffb90e.jpg);;	assets/cdn/thumbnail/20230629/5be84a3ffb90e.jpg);;
https://cdn.imweb.me/thumbnail/20230629/5c769f6139f81.jpg	assets/cdn/thumbnail/20230629/5c769f6139f81.jpg
https://cdn.imweb.me/thumbnail/20230629/62b795e4d7500.jpg	assets/cdn/thumbnail/20230629/62b795e4d7500.jpg
https://cdn.imweb.me/thumbnail/20230629/66f091b06b2e3.jpg	assets/cdn/thumbnail/20230629/66f091b06b2e3.jpg
https://cdn.imweb.me/thumbnail/20230629/66f091b06b2e3.jpg)	assets/cdn/thumbnail/20230629/66f091b06b2e3.jpg)
https://cdn.imweb.me/thumbnail/20230629/66f091b06b2e3.jpg);;	assets/cdn/thumbnail/20230629/66f091b06b2e3.jpg);;
https://cdn.imweb.me/thumbnail/20230629/67487112bb826.jpg	assets/cdn/thumbnail/20230629/67487112bb826.jpg
https://cdn.imweb.me/thumbnail/20230629/67c82d4e82b27.jpg	assets/cdn/thumbnail/20230629/67c82d4e82b27.jpg
https://cdn.imweb.me/thumbnail/20230629/67c82d4e82b27.jpg)	assets/cdn/thumbnail/20230629/67c82d4e82b27.jpg)
https://cdn.imweb.me/thumbnail/20230629/67c82d4e82b27.jpg);;	assets/cdn/thumbnail/20230629/67c82d4e82b27.jpg);;
https://cdn.imweb.me/thumbnail/20230629/717d1c49fbe8b.jpg	assets/cdn/thumbnail/20230629/717d1c49fbe8b.jpg
https://cdn.imweb.me/thumbnail/20230629/717d1c49fbe8b.jpg)	assets/cdn/thumbnail/20230629/717d1c49fbe8b.jpg)
https://cdn.imweb.me/thumbnail/20230629/717d1c49fbe8b.jpg);;	assets/cdn/thumbnail/20230629/717d1c49fbe8b.jpg);;
https://cdn.imweb.me/thumbnail/20230629/76bb4ba772248.png	assets/cdn/thumbnail/20230629/76bb4ba772248.png
https://cdn.imweb.me/thumbnail/20230629/7d22ace188f13.jpg	assets/cdn/thumbnail/20230629/7d22ace188f13.jpg
https://cdn.imweb.me/thumbnail/20230629/7d22ace188f13.jpg)	assets/cdn/thumbnail/20230629/7d22ace188f13.jpg)
https://cdn.imweb.me/thumbnail/20230629/7d22ace188f13.jpg);;	assets/cdn/thumbnail/20230629/7d22ace188f13.jpg);;
https://cdn.imweb.me/thumbnail/20230629/7f9878d5f1503.jpg	assets/cdn/thumbnail/20230629/7f9878d5f1503.jpg
https://cdn.imweb.me/thumbnail/20230629/806a38637af0f.png	assets/cdn/thumbnail/20230629/806a38637af0f.png
https://cdn.imweb.me/thumbnail/20230629/837cd4aafe22f.jpg	assets/cdn/thumbnail/20230629/837cd4aafe22f.jpg
https://cdn.imweb.me/thumbnail/20230629/837cd4aafe22f.jpg)	assets/cdn/thumbnail/20230629/837cd4aafe22f.jpg)
https://cdn.imweb.me/thumbnail/20230629/837cd4aafe22f.jpg);;	assets/cdn/thumbnail/20230629/837cd4aafe22f.jpg);;
https://cdn.imweb.me/thumbnail/20230629/8850cb0a3eb7c.jpg	assets/cdn/thumbnail/20230629/8850cb0a3eb7c.jpg
https://cdn.imweb.me/thumbnail/20230629/8850cb0a3eb7c.jpg)	assets/cdn/thumbnail/20230629/8850cb0a3eb7c.jpg)
https://cdn.imweb.me/thumbnail/20230629/8850cb0a3eb7c.jpg);;	assets/cdn/thumbnail/20230629/8850cb0a3eb7c.jpg);;
https://cdn.imweb.me/thumbnail/20230629/88b0bdf97fc10.jpg	assets/cdn/thumbnail/20230629/88b0bdf97fc10.jpg
https://cdn.imweb.me/thumbnail/20230629/88f792dcb5ddc.jpg	assets/cdn/thumbnail/20230629/88f792dcb5ddc.jpg
https://cdn.imweb.me/thumbnail/20230629/88f792dcb5ddc.jpg)	assets/cdn/thumbnail/20230629/88f792dcb5ddc.jpg)
https://cdn.imweb.me/thumbnail/20230629/88f792dcb5ddc.jpg);;	assets/cdn/thumbnail/20230629/88f792dcb5ddc.jpg);;
https://cdn.imweb.me/thumbnail/20230629/8d246984bb8e7.jpg	assets/cdn/thumbnail/20230629/8d246984bb8e7.jpg
https://cdn.imweb.me/thumbnail/20230629/8f2c428cd50eb.jpg	assets/cdn/thumbnail/20230629/8f2c428cd50eb.jpg
https://cdn.imweb.me/thumbnail/20230629/8f89b11a1b4d1.jpg	assets/cdn/thumbnail/20230629/8f89b11a1b4d1.jpg
https://cdn.imweb.me/thumbnail/20230629/958f52837966f.png	assets/cdn/thumbnail/20230629/958f52837966f.png
https://cdn.imweb.me/thumbnail/20230629/989a3d53642a8.jpg	assets/cdn/thumbnail/20230629/989a3d53642a8.jpg
https://cdn.imweb.me/thumbnail/20230629/9ae706d72052f.jpg	assets/cdn/thumbnail/20230629/9ae706d72052f.jpg
https://cdn.imweb.me/thumbnail/20230629/a247ce47da265.png	assets/cdn/thumbnail/20230629/a247ce47da265.png
https://cdn.imweb.me/thumbnail/20230629/a6a48c7085f0e.jpg	assets/cdn/thumbnail/20230629/a6a48c7085f0e.jpg
https://cdn.imweb.me/thumbnail/20230629/aa972003889a3.jpg	assets/cdn/thumbnail/20230629/aa972003889a3.jpg
https://cdn.imweb.me/thumbnail/20230629/b6fd406da7f41.jpg	assets/cdn/thumbnail/20230629/b6fd406da7f41.jpg
https://cdn.imweb.me/thumbnail/20230629/b9a0d54d0418e.jpg	assets/cdn/thumbnail/20230629/b9a0d54d0418e.jpg
https://cdn.imweb.me/thumbnail/20230629/b9bbb37fd76ac.jpg	assets/cdn/thumbnail/20230629/b9bbb37fd76ac.jpg
https://cdn.imweb.me/thumbnail/20230629/c05a449d06135.jpg	assets/cdn/thumbnail/20230629/c05a449d06135.jpg
https://cdn.imweb.me/thumbnail/20230629/c05a449d06135.jpg)	assets/cdn/thumbnail/20230629/c05a449d06135.jpg)
https://cdn.imweb.me/thumbnail/20230629/c05a449d06135.jpg);;	assets/cdn/thumbnail/20230629/c05a449d06135.jpg);;
https://cdn.imweb.me/thumbnail/20230629/c600ceccdd7bb.jpg	assets/cdn/thumbnail/20230629/c600ceccdd7bb.jpg
https://cdn.imweb.me/thumbnail/20230629/c600ceccdd7bb.jpg)	assets/cdn/thumbnail/20230629/c600ceccdd7bb.jpg)
https://cdn.imweb.me/thumbnail/20230629/c600ceccdd7bb.jpg);;	assets/cdn/thumbnail/20230629/c600ceccdd7bb.jpg);;
https://cdn.imweb.me/thumbnail/20230629/d32701e127c44.jpg	assets/cdn/thumbnail/20230629/d32701e127c44.jpg
https://cdn.imweb.me/thumbnail/20230629/d32701e127c44.jpg'); background-position:50% 50%;  background-size:cover; background-repeat: no-repeat; position: absolute;left: 0;top: 0;right: 0; bottom: 0;	assets/cdn/thumbnail/20230629/d32701e127c44.jpg'); background-position:50% 50%;  background-size:cover; background-repeat: no-repeat; position: absolute;left: 0;top: 0;right: 0; bottom: 0;
https://cdn.imweb.me/thumbnail/20230629/d3e4998ce963c.jpg	assets/cdn/thumbnail/20230629/d3e4998ce963c.jpg
https://cdn.imweb.me/thumbnail/20230629/d3e4998ce963c.jpg)	assets/cdn/thumbnail/20230629/d3e4998ce963c.jpg)
https://cdn.imweb.me/thumbnail/20230629/d3e4998ce963c.jpg);;	assets/cdn/thumbnail/20230629/d3e4998ce963c.jpg);;
https://cdn.imweb.me/thumbnail/20230629/d426b8f01b89a.jpg	assets/cdn/thumbnail/20230629/d426b8f01b89a.jpg
https://cdn.imweb.me/thumbnail/20230629/d426b8f01b89a.jpg)	assets/cdn/thumbnail/20230629/d426b8f01b89a.jpg)
https://cdn.imweb.me/thumbnail/20230629/d426b8f01b89a.jpg);;	assets/cdn/thumbnail/20230629/d426b8f01b89a.jpg);;
https://cdn.imweb.me/thumbnail/20230629/d43c6d8941dbd.jpg	assets/cdn/thumbnail/20230629/d43c6d8941dbd.jpg
https://cdn.imweb.me/thumbnail/20230629/d6167f383565a.jpg	assets/cdn/thumbnail/20230629/d6167f383565a.jpg
https://cdn.imweb.me/thumbnail/20230629/d6167f383565a.jpg)	assets/cdn/thumbnail/20230629/d6167f383565a.jpg)
https://cdn.imweb.me/thumbnail/20230629/d6167f383565a.jpg);;	assets/cdn/thumbnail/20230629/d6167f383565a.jpg);;
https://cdn.imweb.me/thumbnail/20230629/d8617fe4c5d6a.jpg	assets/cdn/thumbnail/20230629/d8617fe4c5d6a.jpg
https://cdn.imweb.me/thumbnail/20230629/d8617fe4c5d6a.jpg)	assets/cdn/thumbnail/20230629/d8617fe4c5d6a.jpg)
https://cdn.imweb.me/thumbnail/20230629/d8617fe4c5d6a.jpg);;	assets/cdn/thumbnail/20230629/d8617fe4c5d6a.jpg);;
https://cdn.imweb.me/thumbnail/20230629/d9ea738df56f6.jpg	assets/cdn/thumbnail/20230629/d9ea738df56f6.jpg
https://cdn.imweb.me/thumbnail/20230629/d9ea738df56f6.jpg)	assets/cdn/thumbnail/20230629/d9ea738df56f6.jpg)
https://cdn.imweb.me/thumbnail/20230629/d9ea738df56f6.jpg);;	assets/cdn/thumbnail/20230629/d9ea738df56f6.jpg);;
https://cdn.imweb.me/thumbnail/20230629/da4becc054ccd.jpg	assets/cdn/thumbnail/20230629/da4becc054ccd.jpg
https://cdn.imweb.me/thumbnail/20230629/da83f98d52e6a.jpg	assets/cdn/thumbnail/20230629/da83f98d52e6a.jpg
https://cdn.imweb.me/thumbnail/20230629/da83f98d52e6a.jpg)	assets/cdn/thumbnail/20230629/da83f98d52e6a.jpg)
https://cdn.imweb.me/thumbnail/20230629/da83f98d52e6a.jpg);;	assets/cdn/thumbnail/20230629/da83f98d52e6a.jpg);;
https://cdn.imweb.me/thumbnail/20230629/e30c42a40159d.png	assets/cdn/thumbnail/20230629/e30c42a40159d.png
https://cdn.imweb.me/thumbnail/20230629/e85892c4c1b1d.jpg	assets/cdn/thumbnail/20230629/e85892c4c1b1d.jpg
https://cdn.imweb.me/thumbnail/20230629/eb74dfb7eea06.jpg	assets/cdn/thumbnail/20230629/eb74dfb7eea06.jpg
https://cdn.imweb.me/thumbnail/20230629/f2e1a03f1dab8.jpg	assets/cdn/thumbnail/20230629/f2e1a03f1dab8.jpg
https://cdn.imweb.me/thumbnail/20230629/f2e1a03f1dab8.jpg)	assets/cdn/thumbnail/20230629/f2e1a03f1dab8.jpg)
https://cdn.imweb.me/thumbnail/20230629/f2e1a03f1dab8.jpg);;	assets/cdn/thumbnail/20230629/f2e1a03f1dab8.jpg);;
https://cdn.imweb.me/thumbnail/20230629/f87a13f7ecfdc.jpg	assets/cdn/thumbnail/20230629/f87a13f7ecfdc.jpg
https://cdn.imweb.me/thumbnail/20230629/f98bd26b3283a.jpg	assets/cdn/thumbnail/20230629/f98bd26b3283a.jpg
https://cdn.imweb.me/thumbnail/20230629/fd37989316a27.jpg	assets/cdn/thumbnail/20230629/fd37989316a27.jpg
https://cdn.imweb.me/thumbnail/20230629/fd37989316a27.jpg)	assets/cdn/thumbnail/20230629/fd37989316a27.jpg)
https://cdn.imweb.me/thumbnail/20230629/fd37989316a27.jpg);;	assets/cdn/thumbnail/20230629/fd37989316a27.jpg);;
https://cdn.imweb.me/thumbnail/20230629/ff400717589a9.jpg	assets/cdn/thumbnail/20230629/ff400717589a9.jpg
https://cdn.imweb.me/thumbnail/20230629/ff400717589a9.jpg)	assets/cdn/thumbnail/20230629/ff400717589a9.jpg)
https://cdn.imweb.me/thumbnail/20230629/ff400717589a9.jpg);;	assets/cdn/thumbnail/20230629/ff400717589a9.jpg);;
https://cdn.imweb.me/thumbnail/20230704/03da0c7d83dcd.jpg	assets/cdn/thumbnail/20230704/03da0c7d83dcd.jpg
https://cdn.imweb.me/thumbnail/20230710/004969015c83a.jpg	assets/cdn/thumbnail/20230710/004969015c83a.jpg
https://cdn.imweb.me/thumbnail/20230710/004969015c83a.jpg)	assets/cdn/thumbnail/20230710/004969015c83a.jpg)
https://cdn.imweb.me/thumbnail/20230710/004969015c83a.jpg);;	assets/cdn/thumbnail/20230710/004969015c83a.jpg);;
https://cdn.imweb.me/thumbnail/20230710/040ce7c1bde6e.jpg	assets/cdn/thumbnail/20230710/040ce7c1bde6e.jpg
https://cdn.imweb.me/thumbnail/20230710/0616cd71f6c71.jpg	assets/cdn/thumbnail/20230710/0616cd71f6c71.jpg
https://cdn.imweb.me/thumbnail/20230710/0616cd71f6c71.jpg)	assets/cdn/thumbnail/20230710/0616cd71f6c71.jpg)
https://cdn.imweb.me/thumbnail/20230710/0616cd71f6c71.jpg);;	assets/cdn/thumbnail/20230710/0616cd71f6c71.jpg);;
https://cdn.imweb.me/thumbnail/20230710/061c1e5208ddd.jpg	assets/cdn/thumbnail/20230710/061c1e5208ddd.jpg
https://cdn.imweb.me/thumbnail/20230710/061c1e5208ddd.jpg)	assets/cdn/thumbnail/20230710/061c1e5208ddd.jpg)
https://cdn.imweb.me/thumbnail/20230710/061c1e5208ddd.jpg);;	assets/cdn/thumbnail/20230710/061c1e5208ddd.jpg);;
https://cdn.imweb.me/thumbnail/20230710/10dc7fd8acce9.jpg	assets/cdn/thumbnail/20230710/10dc7fd8acce9.jpg
https://cdn.imweb.me/thumbnail/20230710/10dc7fd8acce9.jpg)	assets/cdn/thumbnail/20230710/10dc7fd8acce9.jpg)
https://cdn.imweb.me/thumbnail/20230710/10dc7fd8acce9.jpg);;	assets/cdn/thumbnail/20230710/10dc7fd8acce9.jpg);;
https://cdn.imweb.me/thumbnail/20230710/1568aeb0e40bb.jpg	assets/cdn/thumbnail/20230710/1568aeb0e40bb.jpg
https://cdn.imweb.me/thumbnail/20230710/168962b4415e7.jpg	assets/cdn/thumbnail/20230710/168962b4415e7.jpg
https://cdn.imweb.me/thumbnail/20230710/1b8dfe4e83e45.jpg	assets/cdn/thumbnail/20230710/1b8dfe4e83e45.jpg
https://cdn.imweb.me/thumbnail/20230710/1dbbe8d70c568.jpg	assets/cdn/thumbnail/20230710/1dbbe8d70c568.jpg
https://cdn.imweb.me/thumbnail/20230710/20e2c43b9d59c.jpg	assets/cdn/thumbnail/20230710/20e2c43b9d59c.jpg
https://cdn.imweb.me/thumbnail/20230710/20e2c43b9d59c.jpg)	assets/cdn/thumbnail/20230710/20e2c43b9d59c.jpg)
https://cdn.imweb.me/thumbnail/20230710/20e2c43b9d59c.jpg);;	assets/cdn/thumbnail/20230710/20e2c43b9d59c.jpg);;
https://cdn.imweb.me/thumbnail/20230710/233017626d147.jpg	assets/cdn/thumbnail/20230710/233017626d147.jpg
https://cdn.imweb.me/thumbnail/20230710/29406facd11c5.jpg	assets/cdn/thumbnail/20230710/29406facd11c5.jpg
https://cdn.imweb.me/thumbnail/20230710/2a86fc63f1230.jpg	assets/cdn/thumbnail/20230710/2a86fc63f1230.jpg
https://cdn.imweb.me/thumbnail/20230710/2a86fc63f1230.jpg)	assets/cdn/thumbnail/20230710/2a86fc63f1230.jpg)
https://cdn.imweb.me/thumbnail/20230710/2a86fc63f1230.jpg);;	assets/cdn/thumbnail/20230710/2a86fc63f1230.jpg);;
https://cdn.imweb.me/thumbnail/20230710/2d5a8c5261b3a.jpg	assets/cdn/thumbnail/20230710/2d5a8c5261b3a.jpg
https://cdn.imweb.me/thumbnail/20230710/2d5a8c5261b3a.jpg)	assets/cdn/thumbnail/20230710/2d5a8c5261b3a.jpg)
https://cdn.imweb.me/thumbnail/20230710/2d5a8c5261b3a.jpg);;	assets/cdn/thumbnail/20230710/2d5a8c5261b3a.jpg);;
https://cdn.imweb.me/thumbnail/20230710/2d860a4ba8064.jpg	assets/cdn/thumbnail/20230710/2d860a4ba8064.jpg
https://cdn.imweb.me/thumbnail/20230710/2d860a4ba8064.jpg)	assets/cdn/thumbnail/20230710/2d860a4ba8064.jpg)
https://cdn.imweb.me/thumbnail/20230710/2d860a4ba8064.jpg);;	assets/cdn/thumbnail/20230710/2d860a4ba8064.jpg);;
https://cdn.imweb.me/thumbnail/20230710/2e48e704982ce.jpg	assets/cdn/thumbnail/20230710/2e48e704982ce.jpg
https://cdn.imweb.me/thumbnail/20230710/2e48e704982ce.jpg)	assets/cdn/thumbnail/20230710/2e48e704982ce.jpg)
https://cdn.imweb.me/thumbnail/20230710/2e48e704982ce.jpg);;	assets/cdn/thumbnail/20230710/2e48e704982ce.jpg);;
https://cdn.imweb.me/thumbnail/20230710/32658fcb69c0a.jpg	assets/cdn/thumbnail/20230710/32658fcb69c0a.jpg
https://cdn.imweb.me/thumbnail/20230710/32658fcb69c0a.jpg)	assets/cdn/thumbnail/20230710/32658fcb69c0a.jpg)
https://cdn.imweb.me/thumbnail/20230710/32658fcb69c0a.jpg);;	assets/cdn/thumbnail/20230710/32658fcb69c0a.jpg);;
https://cdn.imweb.me/thumbnail/20230710/33dfe897a3a7b.jpg	assets/cdn/thumbnail/20230710/33dfe897a3a7b.jpg
https://cdn.imweb.me/thumbnail/20230710/33dfe897a3a7b.jpg)	assets/cdn/thumbnail/20230710/33dfe897a3a7b.jpg)
https://cdn.imweb.me/thumbnail/20230710/33dfe897a3a7b.jpg);;	assets/cdn/thumbnail/20230710/33dfe897a3a7b.jpg);;
https://cdn.imweb.me/thumbnail/20230710/40bbc7a0b32b3.jpg	assets/cdn/thumbnail/20230710/40bbc7a0b32b3.jpg
https://cdn.imweb.me/thumbnail/20230710/40bbc7a0b32b3.jpg)	assets/cdn/thumbnail/20230710/40bbc7a0b32b3.jpg)
https://cdn.imweb.me/thumbnail/20230710/40bbc7a0b32b3.jpg);;	assets/cdn/thumbnail/20230710/40bbc7a0b32b3.jpg);;
https://cdn.imweb.me/thumbnail/20230710/40e3b72af4025.jpg	assets/cdn/thumbnail/20230710/40e3b72af4025.jpg
https://cdn.imweb.me/thumbnail/20230710/40e3b72af4025.jpg)	assets/cdn/thumbnail/20230710/40e3b72af4025.jpg)
https://cdn.imweb.me/thumbnail/20230710/40e3b72af4025.jpg);;	assets/cdn/thumbnail/20230710/40e3b72af4025.jpg);;
https://cdn.imweb.me/thumbnail/20230710/42a050e7724ee.jpg	assets/cdn/thumbnail/20230710/42a050e7724ee.jpg
https://cdn.imweb.me/thumbnail/20230710/42eea76c192d0.jpg	assets/cdn/thumbnail/20230710/42eea76c192d0.jpg
https://cdn.imweb.me/thumbnail/20230710/437fb005fcb63.jpg	assets/cdn/thumbnail/20230710/437fb005fcb63.jpg
https://cdn.imweb.me/thumbnail/20230710/46b6eb16383bd.jpg	assets/cdn/thumbnail/20230710/46b6eb16383bd.jpg
https://cdn.imweb.me/thumbnail/20230710/4a0cdc25a0253.jpg	assets/cdn/thumbnail/20230710/4a0cdc25a0253.jpg
https://cdn.imweb.me/thumbnail/20230710/4a8debb70c94d.jpg	assets/cdn/thumbnail/20230710/4a8debb70c94d.jpg
https://cdn.imweb.me/thumbnail/20230710/4a8debb70c94d.jpg)	assets/cdn/thumbnail/20230710/4a8debb70c94d.jpg)
https://cdn.imweb.me/thumbnail/20230710/4a8debb70c94d.jpg);;	assets/cdn/thumbnail/20230710/4a8debb70c94d.jpg);;
https://cdn.imweb.me/thumbnail/20230710/4ab88bdd55f10.jpg	assets/cdn/thumbnail/20230710/4ab88bdd55f10.jpg
https://cdn.imweb.me/thumbnail/20230710/4ab88bdd55f10.jpg)	assets/cdn/thumbnail/20230710/4ab88bdd55f10.jpg)
https://cdn.imweb.me/thumbnail/20230710/4ab88bdd55f10.jpg);;	assets/cdn/thumbnail/20230710/4ab88bdd55f10.jpg);;
https://cdn.imweb.me/thumbnail/20230710/4ad88b824c1a9.jpg	assets/cdn/thumbnail/20230710/4ad88b824c1a9.jpg
https://cdn.imweb.me/thumbnail/20230710/4f7ad0caa8198.jpg	assets/cdn/thumbnail/20230710/4f7ad0caa8198.jpg
https://cdn.imweb.me/thumbnail/20230710/4f7ad0caa8198.jpg)	assets/cdn/thumbnail/20230710/4f7ad0caa8198.jpg)
https://cdn.imweb.me/thumbnail/20230710/4f7ad0caa8198.jpg);;	assets/cdn/thumbnail/20230710/4f7ad0caa8198.jpg);;
https://cdn.imweb.me/thumbnail/20230710/519bdde675b92.jpg	assets/cdn/thumbnail/20230710/519bdde675b92.jpg
https://cdn.imweb.me/thumbnail/20230710/519bdde675b92.jpg)	assets/cdn/thumbnail/20230710/519bdde675b92.jpg)
https://cdn.imweb.me/thumbnail/20230710/519bdde675b92.jpg);;	assets/cdn/thumbnail/20230710/519bdde675b92.jpg);;
https://cdn.imweb.me/thumbnail/20230710/55da03261dbf1.jpg	assets/cdn/thumbnail/20230710/55da03261dbf1.jpg
https://cdn.imweb.me/thumbnail/20230710/580aa71abdb14.jpg	assets/cdn/thumbnail/20230710/580aa71abdb14.jpg
https://cdn.imweb.me/thumbnail/20230710/5a981febc542d.jpg	assets/cdn/thumbnail/20230710/5a981febc542d.jpg
https://cdn.imweb.me/thumbnail/20230710/5d537cda51dbb.jpg	assets/cdn/thumbnail/20230710/5d537cda51dbb.jpg
https://cdn.imweb.me/thumbnail/20230710/645ab81c0d062.jpg	assets/cdn/thumbnail/20230710/645ab81c0d062.jpg
https://cdn.imweb.me/thumbnail/20230710/645ab81c0d062.jpg)	assets/cdn/thumbnail/20230710/645ab81c0d062.jpg)
https://cdn.imweb.me/thumbnail/20230710/645ab81c0d062.jpg);;	assets/cdn/thumbnail/20230710/645ab81c0d062.jpg);;
https://cdn.imweb.me/thumbnail/20230710/65e341e7c8dbb.jpg	assets/cdn/thumbnail/20230710/65e341e7c8dbb.jpg
https://cdn.imweb.me/thumbnail/20230710/69ecdfe1c6b62.jpg	assets/cdn/thumbnail/20230710/69ecdfe1c6b62.jpg
https://cdn.imweb.me/thumbnail/20230710/69ecdfe1c6b62.jpg)	assets/cdn/thumbnail/20230710/69ecdfe1c6b62.jpg)
https://cdn.imweb.me/thumbnail/20230710/69ecdfe1c6b62.jpg);;	assets/cdn/thumbnail/20230710/69ecdfe1c6b62.jpg);;
https://cdn.imweb.me/thumbnail/20230710/6b8dbeb649670.jpg	assets/cdn/thumbnail/20230710/6b8dbeb649670.jpg
https://cdn.imweb.me/thumbnail/20230710/6b8dbeb649670.jpg)	assets/cdn/thumbnail/20230710/6b8dbeb649670.jpg)
https://cdn.imweb.me/thumbnail/20230710/6b8dbeb649670.jpg);;	assets/cdn/thumbnail/20230710/6b8dbeb649670.jpg);;
https://cdn.imweb.me/thumbnail/20230710/6f00ee63ee462.jpg	assets/cdn/thumbnail/20230710/6f00ee63ee462.jpg
https://cdn.imweb.me/thumbnail/20230710/6f00ee63ee462.jpg)	assets/cdn/thumbnail/20230710/6f00ee63ee462.jpg)
https://cdn.imweb.me/thumbnail/20230710/6f00ee63ee462.jpg);;	assets/cdn/thumbnail/20230710/6f00ee63ee462.jpg);;
https://cdn.imweb.me/thumbnail/20230710/721352cd40ee9.jpg	assets/cdn/thumbnail/20230710/721352cd40ee9.jpg
https://cdn.imweb.me/thumbnail/20230710/76d9628769f2d.jpg	assets/cdn/thumbnail/20230710/76d9628769f2d.jpg
https://cdn.imweb.me/thumbnail/20230710/76d9628769f2d.jpg)	assets/cdn/thumbnail/20230710/76d9628769f2d.jpg)
https://cdn.imweb.me/thumbnail/20230710/76d9628769f2d.jpg);;	assets/cdn/thumbnail/20230710/76d9628769f2d.jpg);;
https://cdn.imweb.me/thumbnail/20230710/77009c149d4ed.jpg	assets/cdn/thumbnail/20230710/77009c149d4ed.jpg
https://cdn.imweb.me/thumbnail/20230710/77009c149d4ed.jpg)	assets/cdn/thumbnail/20230710/77009c149d4ed.jpg)
https://cdn.imweb.me/thumbnail/20230710/77009c149d4ed.jpg);;	assets/cdn/thumbnail/20230710/77009c149d4ed.jpg);;
https://cdn.imweb.me/thumbnail/20230710/77379a046b32a.jpg	assets/cdn/thumbnail/20230710/77379a046b32a.jpg
https://cdn.imweb.me/thumbnail/20230710/77379a046b32a.jpg)	assets/cdn/thumbnail/20230710/77379a046b32a.jpg)
https://cdn.imweb.me/thumbnail/20230710/77379a046b32a.jpg);;	assets/cdn/thumbnail/20230710/77379a046b32a.jpg);;
https://cdn.imweb.me/thumbnail/20230710/7ad7825c4bdf5.jpg	assets/cdn/thumbnail/20230710/7ad7825c4bdf5.jpg
https://cdn.imweb.me/thumbnail/20230710/7b576b6019344.jpg	assets/cdn/thumbnail/20230710/7b576b6019344.jpg
https://cdn.imweb.me/thumbnail/20230710/7b576b6019344.jpg)	assets/cdn/thumbnail/20230710/7b576b6019344.jpg)
https://cdn.imweb.me/thumbnail/20230710/7b576b6019344.jpg);;	assets/cdn/thumbnail/20230710/7b576b6019344.jpg);;
https://cdn.imweb.me/thumbnail/20230710/7c61f97b5e510.jpg	assets/cdn/thumbnail/20230710/7c61f97b5e510.jpg
https://cdn.imweb.me/thumbnail/20230710/7e985a81cfb56.jpg	assets/cdn/thumbnail/20230710/7e985a81cfb56.jpg
https://cdn.imweb.me/thumbnail/20230710/7f574090b79e5.jpg	assets/cdn/thumbnail/20230710/7f574090b79e5.jpg
https://cdn.imweb.me/thumbnail/20230710/7f574090b79e5.jpg)	assets/cdn/thumbnail/20230710/7f574090b79e5.jpg)
https://cdn.imweb.me/thumbnail/20230710/7f574090b79e5.jpg);;	assets/cdn/thumbnail/20230710/7f574090b79e5.jpg);;
https://cdn.imweb.me/thumbnail/20230710/821b5f14371b0.jpg	assets/cdn/thumbnail/20230710/821b5f14371b0.jpg
https://cdn.imweb.me/thumbnail/20230710/86a7eabe9f0fa.jpg	assets/cdn/thumbnail/20230710/86a7eabe9f0fa.jpg
https://cdn.imweb.me/thumbnail/20230710/86efd901b1ba1.jpg	assets/cdn/thumbnail/20230710/86efd901b1ba1.jpg
https://cdn.imweb.me/thumbnail/20230710/8c4a97d35ce26.jpg	assets/cdn/thumbnail/20230710/8c4a97d35ce26.jpg
https://cdn.imweb.me/thumbnail/20230710/8dcea8fd1ccb4.jpg	assets/cdn/thumbnail/20230710/8dcea8fd1ccb4.jpg
https://cdn.imweb.me/thumbnail/20230710/96018000a42cb.jpg	assets/cdn/thumbnail/20230710/96018000a42cb.jpg
https://cdn.imweb.me/thumbnail/20230710/9a488deee96e0.jpg	assets/cdn/thumbnail/20230710/9a488deee96e0.jpg
https://cdn.imweb.me/thumbnail/20230710/9a488deee96e0.jpg)	assets/cdn/thumbnail/20230710/9a488deee96e0.jpg)
https://cdn.imweb.me/thumbnail/20230710/9a488deee96e0.jpg);;	assets/cdn/thumbnail/20230710/9a488deee96e0.jpg);;
https://cdn.imweb.me/thumbnail/20230710/9aa9b551e1bbb.jpg	assets/cdn/thumbnail/20230710/9aa9b551e1bbb.jpg
https://cdn.imweb.me/thumbnail/20230710/9aa9b551e1bbb.jpg)	assets/cdn/thumbnail/20230710/9aa9b551e1bbb.jpg)
https://cdn.imweb.me/thumbnail/20230710/9aa9b551e1bbb.jpg);;	assets/cdn/thumbnail/20230710/9aa9b551e1bbb.jpg);;
https://cdn.imweb.me/thumbnail/20230710/9da11d1e4e6c7.jpg	assets/cdn/thumbnail/20230710/9da11d1e4e6c7.jpg
https://cdn.imweb.me/thumbnail/20230710/a1bf8ac940119.jpg	assets/cdn/thumbnail/20230710/a1bf8ac940119.jpg
https://cdn.imweb.me/thumbnail/20230710/a1bf8ac940119.jpg)	assets/cdn/thumbnail/20230710/a1bf8ac940119.jpg)
https://cdn.imweb.me/thumbnail/20230710/a1bf8ac940119.jpg);;	assets/cdn/thumbnail/20230710/a1bf8ac940119.jpg);;
https://cdn.imweb.me/thumbnail/20230710/a957a90714084.jpg	assets/cdn/thumbnail/20230710/a957a90714084.jpg
https://cdn.imweb.me/thumbnail/20230710/abd6aa4f7aa3d.jpg	assets/cdn/thumbnail/20230710/abd6aa4f7aa3d.jpg
https://cdn.imweb.me/thumbnail/20230710/aebf22499a350.jpg	assets/cdn/thumbnail/20230710/aebf22499a350.jpg
https://cdn.imweb.me/thumbnail/20230710/aebf22499a350.jpg)	assets/cdn/thumbnail/20230710/aebf22499a350.jpg)
https://cdn.imweb.me/thumbnail/20230710/aebf22499a350.jpg);;	assets/cdn/thumbnail/20230710/aebf22499a350.jpg);;
https://cdn.imweb.me/thumbnail/20230710/b40e8193c18d4.jpg	assets/cdn/thumbnail/20230710/b40e8193c18d4.jpg
https://cdn.imweb.me/thumbnail/20230710/b40e8193c18d4.jpg)	assets/cdn/thumbnail/20230710/b40e8193c18d4.jpg)
https://cdn.imweb.me/thumbnail/20230710/b40e8193c18d4.jpg);;	assets/cdn/thumbnail/20230710/b40e8193c18d4.jpg);;
https://cdn.imweb.me/thumbnail/20230710/b9ce59bcbf2c4.jpg	assets/cdn/thumbnail/20230710/b9ce59bcbf2c4.jpg
https://cdn.imweb.me/thumbnail/20230710/bddb282ed1bd6.jpg	assets/cdn/thumbnail/20230710/bddb282ed1bd6.jpg
https://cdn.imweb.me/thumbnail/20230710/bddb282ed1bd6.jpg)	assets/cdn/thumbnail/20230710/bddb282ed1bd6.jpg)
https://cdn.imweb.me/thumbnail/20230710/bddb282ed1bd6.jpg);;	assets/cdn/thumbnail/20230710/bddb282ed1bd6.jpg);;
https://cdn.imweb.me/thumbnail/20230710/c1540245279c4.jpg	assets/cdn/thumbnail/20230710/c1540245279c4.jpg
https://cdn.imweb.me/thumbnail/20230710/c4036b8b3c16e.jpg	assets/cdn/thumbnail/20230710/c4036b8b3c16e.jpg
https://cdn.imweb.me/thumbnail/20230710/c4036b8b3c16e.jpg)	assets/cdn/thumbnail/20230710/c4036b8b3c16e.jpg)
https://cdn.imweb.me/thumbnail/20230710/c4036b8b3c16e.jpg);;	assets/cdn/thumbnail/20230710/c4036b8b3c16e.jpg);;
https://cdn.imweb.me/thumbnail/20230710/c4aafb8e89c4a.jpg	assets/cdn/thumbnail/20230710/c4aafb8e89c4a.jpg
https://cdn.imweb.me/thumbnail/20230710/c4aafb8e89c4a.jpg)	assets/cdn/thumbnail/20230710/c4aafb8e89c4a.jpg)
https://cdn.imweb.me/thumbnail/20230710/c4aafb8e89c4a.jpg);;	assets/cdn/thumbnail/20230710/c4aafb8e89c4a.jpg);;
https://cdn.imweb.me/thumbnail/20230710/c596afacb5de4.jpg	assets/cdn/thumbnail/20230710/c596afacb5de4.jpg
https://cdn.imweb.me/thumbnail/20230710/c596afacb5de4.jpg)	assets/cdn/thumbnail/20230710/c596afacb5de4.jpg)
https://cdn.imweb.me/thumbnail/20230710/c596afacb5de4.jpg);;	assets/cdn/thumbnail/20230710/c596afacb5de4.jpg);;
https://cdn.imweb.me/thumbnail/20230710/cadaf318e481b.jpg	assets/cdn/thumbnail/20230710/cadaf318e481b.jpg
https://cdn.imweb.me/thumbnail/20230710/d08ae0df5ed53.jpg	assets/cdn/thumbnail/20230710/d08ae0df5ed53.jpg
https://cdn.imweb.me/thumbnail/20230710/d1f98e5093d94.jpg	assets/cdn/thumbnail/20230710/d1f98e5093d94.jpg
https://cdn.imweb.me/thumbnail/20230710/d1f98e5093d94.jpg)	assets/cdn/thumbnail/20230710/d1f98e5093d94.jpg)
https://cdn.imweb.me/thumbnail/20230710/d1f98e5093d94.jpg);;	assets/cdn/thumbnail/20230710/d1f98e5093d94.jpg);;
https://cdn.imweb.me/thumbnail/20230710/d48f581b65fa9.jpg	assets/cdn/thumbnail/20230710/d48f581b65fa9.jpg
https://cdn.imweb.me/thumbnail/20230710/d48f581b65fa9.jpg)	assets/cdn/thumbnail/20230710/d48f581b65fa9.jpg)
https://cdn.imweb.me/thumbnail/20230710/d48f581b65fa9.jpg);;	assets/cdn/thumbnail/20230710/d48f581b65fa9.jpg);;
https://cdn.imweb.me/thumbnail/20230710/d6b3c5ff1c1c4.jpg	assets/cdn/thumbnail/20230710/d6b3c5ff1c1c4.jpg
https://cdn.imweb.me/thumbnail/20230710/d77a225cb045b.jpg	assets/cdn/thumbnail/20230710/d77a225cb045b.jpg
https://cdn.imweb.me/thumbnail/20230710/d77a225cb045b.jpg)	assets/cdn/thumbnail/20230710/d77a225cb045b.jpg)
https://cdn.imweb.me/thumbnail/20230710/d77a225cb045b.jpg);;	assets/cdn/thumbnail/20230710/d77a225cb045b.jpg);;
https://cdn.imweb.me/thumbnail/20230710/dcea34bad2908.jpg	assets/cdn/thumbnail/20230710/dcea34bad2908.jpg
https://cdn.imweb.me/thumbnail/20230710/dcea34bad2908.jpg)	assets/cdn/thumbnail/20230710/dcea34bad2908.jpg)
https://cdn.imweb.me/thumbnail/20230710/dcea34bad2908.jpg);;	assets/cdn/thumbnail/20230710/dcea34bad2908.jpg);;
https://cdn.imweb.me/thumbnail/20230710/dde18d274d6c5.jpg	assets/cdn/thumbnail/20230710/dde18d274d6c5.jpg
https://cdn.imweb.me/thumbnail/20230710/dde18d274d6c5.jpg)	assets/cdn/thumbnail/20230710/dde18d274d6c5.jpg)
https://cdn.imweb.me/thumbnail/20230710/dde18d274d6c5.jpg);;	assets/cdn/thumbnail/20230710/dde18d274d6c5.jpg);;
https://cdn.imweb.me/thumbnail/20230710/deee5f46f7102.jpg	assets/cdn/thumbnail/20230710/deee5f46f7102.jpg
https://cdn.imweb.me/thumbnail/20230710/e926fc481a889.jpg	assets/cdn/thumbnail/20230710/e926fc481a889.jpg
https://cdn.imweb.me/thumbnail/20230710/eabf25b9dd10a.jpg	assets/cdn/thumbnail/20230710/eabf25b9dd10a.jpg
https://cdn.imweb.me/thumbnail/20230710/eabf25b9dd10a.jpg)	assets/cdn/thumbnail/20230710/eabf25b9dd10a.jpg)
https://cdn.imweb.me/thumbnail/20230710/eabf25b9dd10a.jpg);;	assets/cdn/thumbnail/20230710/eabf25b9dd10a.jpg);;
https://cdn.imweb.me/thumbnail/20230710/f3a84535e2a4b.jpg	assets/cdn/thumbnail/20230710/f3a84535e2a4b.jpg
https://cdn.imweb.me/thumbnail/20230710/f65ca1fe4153d.jpg	assets/cdn/thumbnail/20230710/f65ca1fe4153d.jpg
https://cdn.imweb.me/thumbnail/20230710/f8a917bc4389d.jpg	assets/cdn/thumbnail/20230710/f8a917bc4389d.jpg
https://cdn.imweb.me/thumbnail/20230713/8f0817aa5cca2.jpg	assets/cdn/thumbnail/20230713/8f0817aa5cca2.jpg
https://cdn.imweb.me/thumbnail/20230713/c4bd87c763b4d.jpg	assets/cdn/thumbnail/20230713/c4bd87c763b4d.jpg
https://cdn.imweb.me/thumbnail/20230713/c4bd87c763b4d.jpg)	assets/cdn/thumbnail/20230713/c4bd87c763b4d.jpg)
https://cdn.imweb.me/thumbnail/20230713/c4bd87c763b4d.jpg);;	assets/cdn/thumbnail/20230713/c4bd87c763b4d.jpg);;
https://cdn.imweb.me/thumbnail/20230813/39e327967e4aa.jpg	assets/cdn/thumbnail/20230813/39e327967e4aa.jpg
https://cdn.imweb.me/thumbnail/20230813/459adfba50bf1.jpg	assets/cdn/thumbnail/20230813/459adfba50bf1.jpg
https://cdn.imweb.me/thumbnail/20230813/701112f510914.jpg	assets/cdn/thumbnail/20230813/701112f510914.jpg
https://cdn.imweb.me/thumbnail/20230813/7adf5704cbb01.jpg	assets/cdn/thumbnail/20230813/7adf5704cbb01.jpg
https://cdn.imweb.me/thumbnail/20230813/7d550d79882b9.jpg	assets/cdn/thumbnail/20230813/7d550d79882b9.jpg
https://cdn.imweb.me/thumbnail/20240104/8d62229ce5e56.jpg	assets/cdn/thumbnail/20240104/8d62229ce5e56.jpg
https://cdn.imweb.me/thumbnail/20240104/8d62229ce5e56.jpg'); background-position:50% 50%;  background-size:cover; background-repeat: no-repeat; position: absolute;left: 0;top: 0;right: 0; bottom: 0;	assets/cdn/thumbnail/20240104/8d62229ce5e56.jpg'); background-position:50% 50%;  background-size:cover; background-repeat: no-repeat; position: absolute;left: 0;top: 0;right: 0; bottom: 0;
https://cdn.imweb.me/thumbnail/20240104/8d62229ce5e56.jpg) !important;	assets/cdn/thumbnail/20240104/8d62229ce5e56.jpg) !important;
https://cdn.imweb.me/thumbnail/20240213/01029fcbd0656.jpg	assets/cdn/thumbnail/20240213/01029fcbd0656.jpg
https://cdn.imweb.me/thumbnail/20240213/01029fcbd0656.jpg)	assets/cdn/thumbnail/20240213/01029fcbd0656.jpg)
https://cdn.imweb.me/thumbnail/20240213/01029fcbd0656.jpg);;	assets/cdn/thumbnail/20240213/01029fcbd0656.jpg);;
https://cdn.imweb.me/thumbnail/20240213/08f6867b336dc.jpg	assets/cdn/thumbnail/20240213/08f6867b336dc.jpg
https://cdn.imweb.me/thumbnail/20240213/12873513384b2.png	assets/cdn/thumbnail/20240213/12873513384b2.png
https://cdn.imweb.me/thumbnail/20240213/14bc02c46839b.jpg	assets/cdn/thumbnail/20240213/14bc02c46839b.jpg
https://cdn.imweb.me/thumbnail/20240213/14bc02c46839b.jpg'); background-position:50% 50%;  background-size:cover; background-repeat: no-repeat; position: absolute;left: 0;top: 0;right: 0; bottom: 0;	assets/cdn/thumbnail/20240213/14bc02c46839b.jpg'); background-position:50% 50%;  background-size:cover; background-repeat: no-repeat; position: absolute;left: 0;top: 0;right: 0; bottom: 0;
https://cdn.imweb.me/thumbnail/20240213/1f25e54afe52b.jpg	assets/cdn/thumbnail/20240213/1f25e54afe52b.jpg
https://cdn.imweb.me/thumbnail/20240213/2ad9bc3082a9d.png	assets/cdn/thumbnail/20240213/2ad9bc3082a9d.png
https://cdn.imweb.me/thumbnail/20240213/2e3f99e564c43.png	assets/cdn/thumbnail/20240213/2e3f99e564c43.png
https://cdn.imweb.me/thumbnail/20240213/3b271a5fbe67d.png	assets/cdn/thumbnail/20240213/3b271a5fbe67d.png
https://cdn.imweb.me/thumbnail/20240213/41113c1f03422.jpg	assets/cdn/thumbnail/20240213/41113c1f03422.jpg
https://cdn.imweb.me/thumbnail/20240213/41113c1f03422.jpg)	assets/cdn/thumbnail/20240213/41113c1f03422.jpg)
https://cdn.imweb.me/thumbnail/20240213/41113c1f03422.jpg);;	assets/cdn/thumbnail/20240213/41113c1f03422.jpg);;
https://cdn.imweb.me/thumbnail/20240213/50260faaa6970.jpg	assets/cdn/thumbnail/20240213/50260faaa6970.jpg
https://cdn.imweb.me/thumbnail/20240213/50260faaa6970.jpg)	assets/cdn/thumbnail/20240213/50260faaa6970.jpg)
https://cdn.imweb.me/thumbnail/20240213/50260faaa6970.jpg);;	assets/cdn/thumbnail/20240213/50260faaa6970.jpg);;
https://cdn.imweb.me/thumbnail/20240213/548ed61498896.jpg	assets/cdn/thumbnail/20240213/548ed61498896.jpg
https://cdn.imweb.me/thumbnail/20240213/5c31e090a1526.png	assets/cdn/thumbnail/20240213/5c31e090a1526.png
https://cdn.imweb.me/thumbnail/20240213/736cf2eace9e4.jpg	assets/cdn/thumbnail/20240213/736cf2eace9e4.jpg
https://cdn.imweb.me/thumbnail/20240213/881537bcedcab.jpg	assets/cdn/thumbnail/20240213/881537bcedcab.jpg
https://cdn.imweb.me/thumbnail/20240213/8a29d1e19ea18.png	assets/cdn/thumbnail/20240213/8a29d1e19ea18.png
https://cdn.imweb.me/thumbnail/20240213/8a4699aeb15a3.png	assets/cdn/thumbnail/20240213/8a4699aeb15a3.png
https://cdn.imweb.me/thumbnail/20240213/91df4839c873a.jpg	assets/cdn/thumbnail/20240213/91df4839c873a.jpg
https://cdn.imweb.me/thumbnail/20240213/a37702e3a9a66.png	assets/cdn/thumbnail/20240213/a37702e3a9a66.png
https://cdn.imweb.me/thumbnail/20240213/a8d049a4fa89b.jpg	assets/cdn/thumbnail/20240213/a8d049a4fa89b.jpg
https://cdn.imweb.me/thumbnail/20240213/a9e2ffcec086c.jpg	assets/cdn/thumbnail/20240213/a9e2ffcec086c.jpg
https://cdn.imweb.me/thumbnail/20240213/b7bd80097dbb2.jpg	assets/cdn/thumbnail/20240213/b7bd80097dbb2.jpg
https://cdn.imweb.me/thumbnail/20240213/b85d92695d81c.jpg	assets/cdn/thumbnail/20240213/b85d92695d81c.jpg
https://cdn.imweb.me/thumbnail/20240213/b85d92695d81c.jpg'); background-position:50% 50%;  background-size:cover; background-repeat: no-repeat; position: absolute;left: 0;top: 0;right: 0; bottom: 0;	assets/cdn/thumbnail/20240213/b85d92695d81c.jpg'); background-position:50% 50%;  background-size:cover; background-repeat: no-repeat; position: absolute;left: 0;top: 0;right: 0; bottom: 0;
https://cdn.imweb.me/thumbnail/20240213/ba5504a6c22c8.jpg	assets/cdn/thumbnail/20240213/ba5504a6c22c8.jpg
https://cdn.imweb.me/thumbnail/20240213/ba5504a6c22c8.jpg)	assets/cdn/thumbnail/20240213/ba5504a6c22c8.jpg)
https://cdn.imweb.me/thumbnail/20240213/ba5504a6c22c8.jpg);;	assets/cdn/thumbnail/20240213/ba5504a6c22c8.jpg);;
https://cdn.imweb.me/thumbnail/20240213/c138d03e0020f.png	assets/cdn/thumbnail/20240213/c138d03e0020f.png
https://cdn.imweb.me/thumbnail/20240213/ce77eaca33574.png	assets/cdn/thumbnail/20240213/ce77eaca33574.png
https://cdn.imweb.me/thumbnail/20240213/d416595ab585e.jpg	assets/cdn/thumbnail/20240213/d416595ab585e.jpg
https://cdn.imweb.me/thumbnail/20240213/d416595ab585e.jpg)	assets/cdn/thumbnail/20240213/d416595ab585e.jpg)
https://cdn.imweb.me/thumbnail/20240213/d416595ab585e.jpg);;	assets/cdn/thumbnail/20240213/d416595ab585e.jpg);;
https://cdn.imweb.me/thumbnail/20240213/d626379f175ab.jpg	assets/cdn/thumbnail/20240213/d626379f175ab.jpg
https://cdn.imweb.me/thumbnail/20240213/db46304a70622.png	assets/cdn/thumbnail/20240213/db46304a70622.png
https://cdn.imweb.me/thumbnail/20240213/e21a267862e2a.jpg	assets/cdn/thumbnail/20240213/e21a267862e2a.jpg
https://cdn.imweb.me/thumbnail/20240213/e6f89b4b7e643.jpg	assets/cdn/thumbnail/20240213/e6f89b4b7e643.jpg
https://cdn.imweb.me/thumbnail/20240213/f1fb067bffc74.png	assets/cdn/thumbnail/20240213/f1fb067bffc74.png
https://cdn.imweb.me/thumbnail/20240213/fcf184c4b449d.jpg	assets/cdn/thumbnail/20240213/fcf184c4b449d.jpg
https://cdn.imweb.me/thumbnail/20240213/fcf184c4b449d.jpg)	assets/cdn/thumbnail/20240213/fcf184c4b449d.jpg)
https://cdn.imweb.me/thumbnail/20240213/fcf184c4b449d.jpg);;	assets/cdn/thumbnail/20240213/fcf184c4b449d.jpg);;
https://cdn.imweb.me/thumbnail/20240214/22319b525edf5.png	assets/cdn/thumbnail/20240214/22319b525edf5.png
https://cdn.imweb.me/thumbnail/20240214/22319b525edf5.png)	assets/cdn/thumbnail/20240214/22319b525edf5.png)
https://cdn.imweb.me/thumbnail/20240214/22319b525edf5.png);;	assets/cdn/thumbnail/20240214/22319b525edf5.png);;
https://cdn.imweb.me/thumbnail/20240214/25b6f316f0822.png	assets/cdn/thumbnail/20240214/25b6f316f0822.png
https://cdn.imweb.me/thumbnail/20240214/51ecf9a39a5de.png	assets/cdn/thumbnail/20240214/51ecf9a39a5de.png
https://cdn.imweb.me/thumbnail/20240214/9f5b3cc9a8a0a.png	assets/cdn/thumbnail/20240214/9f5b3cc9a8a0a.png
https://cdn.imweb.me/thumbnail/20240214/9f5b3cc9a8a0a.png)	assets/cdn/thumbnail/20240214/9f5b3cc9a8a0a.png)
https://cdn.imweb.me/thumbnail/20240214/9f5b3cc9a8a0a.png);;	assets/cdn/thumbnail/20240214/9f5b3cc9a8a0a.png);;
https://cdn.imweb.me/thumbnail/20250417/095151dc8d72e.jpg	assets/cdn/thumbnail/20250417/095151dc8d72e.jpg
https://cdn.imweb.me/thumbnail/20250417/095151dc8d72e.jpg'); background-position:50% 50%;  background-size:cover; background-repeat: no-repeat; position: absolute;left: 0;top: 0;right: 0; bottom: 0;	assets/cdn/thumbnail/20250417/095151dc8d72e.jpg'); background-position:50% 50%;  background-size:cover; background-repeat: no-repeat; position: absolute;left: 0;top: 0;right: 0; bottom: 0;
https://cdn.imweb.me/thumbnail/20250417/12c8b69ea71a6.png	assets/cdn/thumbnail/20250417/12c8b69ea71a6.png
https://cdn.imweb.me/thumbnail/20250417/13adb0695d142.png	assets/cdn/thumbnail/20250417/13adb0695d142.png
https://cdn.imweb.me/thumbnail/20250417/13adb0695d142.png'); background-position:50% 50%;  background-size:cover; background-repeat: no-repeat; position: absolute;left: 0;top: 0;right: 0; bottom: 0;	assets/cdn/thumbnail/20250417/13adb0695d142.png'); background-position:50% 50%;  background-size:cover; background-repeat: no-repeat; position: absolute;left: 0;top: 0;right: 0; bottom: 0;
https://cdn.imweb.me/thumbnail/20250417/1b6ea9d9b4b62.png	assets/cdn/thumbnail/20250417/1b6ea9d9b4b62.png
https://cdn.imweb.me/thumbnail/20250417/2d1b6cc446148.png	assets/cdn/thumbnail/20250417/2d1b6cc446148.png
https://cdn.imweb.me/thumbnail/20250417/2d1b6cc446148.png'); background-position:50% 50%;  background-size:cover; background-repeat: no-repeat; position: absolute;left: 0;top: 0;right: 0; bottom: 0;	assets/cdn/thumbnail/20250417/2d1b6cc446148.png'); background-position:50% 50%;  background-size:cover; background-repeat: no-repeat; position: absolute;left: 0;top: 0;right: 0; bottom: 0;
https://cdn.imweb.me/thumbnail/20250417/34da0c10a39cc.jpg	assets/cdn/thumbnail/20250417/34da0c10a39cc.jpg
https://cdn.imweb.me/thumbnail/20250417/6ce8dee6f8833.png	assets/cdn/thumbnail/20250417/6ce8dee6f8833.png
https://cdn.imweb.me/thumbnail/20250417/6ce8dee6f8833.png'); background-position:50% 50%;  background-size:cover; background-repeat: no-repeat; position: absolute;left: 0;top: 0;right: 0; bottom: 0;	assets/cdn/thumbnail/20250417/6ce8dee6f8833.png'); background-position:50% 50%;  background-size:cover; background-repeat: no-repeat; position: absolute;left: 0;top: 0;right: 0; bottom: 0;
https://cdn.imweb.me/thumbnail/20250417/6f18f3cadf525.png	assets/cdn/thumbnail/20250417/6f18f3cadf525.png
https://cdn.imweb.me/thumbnail/20250417/6f18f3cadf525.png'); background-position:50% 50%;  background-size:cover; background-repeat: no-repeat; position: absolute;left: 0;top: 0;right: 0; bottom: 0;	assets/cdn/thumbnail/20250417/6f18f3cadf525.png'); background-position:50% 50%;  background-size:cover; background-repeat: no-repeat; position: absolute;left: 0;top: 0;right: 0; bottom: 0;
https://cdn.imweb.me/thumbnail/20250417/73d6f4d1bad64.png	assets/cdn/thumbnail/20250417/73d6f4d1bad64.png
https://cdn.imweb.me/thumbnail/20250417/73d6f4d1bad64.png'); background-position:50% 50%;  background-size:cover; background-repeat: no-repeat; position: absolute;left: 0;top: 0;right: 0; bottom: 0;	assets/cdn/thumbnail/20250417/73d6f4d1bad64.png'); background-position:50% 50%;  background-size:cover; background-repeat: no-repeat; position: absolute;left: 0;top: 0;right: 0; bottom: 0;
https://cdn.imweb.me/thumbnail/20250417/a9005f7180ec4.jpg	assets/cdn/thumbnail/20250417/a9005f7180ec4.jpg
https://cdn.imweb.me/thumbnail/20250417/b3a1b4cfbbd1b.png	assets/cdn/thumbnail/20250417/b3a1b4cfbbd1b.png
https://cdn.imweb.me/thumbnail/20250417/b3a1b4cfbbd1b.png'); background-position:50% 50%;  background-size:cover; background-repeat: no-repeat; position: absolute;left: 0;top: 0;right: 0; bottom: 0;	assets/cdn/thumbnail/20250417/b3a1b4cfbbd1b.png'); background-position:50% 50%;  background-size:cover; background-repeat: no-repeat; position: absolute;left: 0;top: 0;right: 0; bottom: 0;
https://cdn.imweb.me/thumbnail/20250417/dcf570c85c580.jpg	assets/cdn/thumbnail/20250417/dcf570c85c580.jpg
https://cdn.imweb.me/thumbnail/20250417/e58fd1d5e5910.png	assets/cdn/thumbnail/20250417/e58fd1d5e5910.png
https://cdn.imweb.me/thumbnail/20250417/f12a6dca3c727.png	assets/cdn/thumbnail/20250417/f12a6dca3c727.png
https://cdn.imweb.me/thumbnail/20250417/f12a6dca3c727.png'); background-position:50% 50%;  background-size:cover; background-repeat: no-repeat; position: absolute;left: 0;top: 0;right: 0; bottom: 0;	assets/cdn/thumbnail/20250417/f12a6dca3c727.png'); background-position:50% 50%;  background-size:cover; background-repeat: no-repeat; position: absolute;left: 0;top: 0;right: 0; bottom: 0;
https://cdn.imweb.me/thumbnail/20250417/f9e1b3d94c109.png	assets/cdn/thumbnail/20250417/f9e1b3d94c109.png
https://cdn.imweb.me/thumbnail/20250417/f9e1b3d94c109.png'); background-position:50% 50%;  background-size:cover; background-repeat: no-repeat; position: absolute;left: 0;top: 0;right: 0; bottom: 0;	assets/cdn/thumbnail/20250417/f9e1b3d94c109.png'); background-position:50% 50%;  background-size:cover; background-repeat: no-repeat; position: absolute;left: 0;top: 0;right: 0; bottom: 0;
https://cdn.imweb.me/thumbnail/20250417/fbf9be38e7722.jpg	assets/cdn/thumbnail/20250417/fbf9be38e7722.jpg
https://cdn.imweb.me/thumbnail/20250418/7f9faa1943847.png	assets/cdn/thumbnail/20250418/7f9faa1943847.png
https://cdn.imweb.me/thumbnail/20250418/7f9faa1943847.png'); background-position:50% 50%;  background-size:cover; background-repeat: no-repeat; position: absolute;left: 0;top: 0;right: 0; bottom: 0;	assets/cdn/thumbnail/20250418/7f9faa1943847.png'); background-position:50% 50%;  background-size:cover; background-repeat: no-repeat; position: absolute;left: 0;top: 0;right: 0; bottom: 0;
https://cdn.imweb.me/thumbnail/20250418/db3fff4e521c2.png	assets/cdn/thumbnail/20250418/db3fff4e521c2.png
https://cdn.imweb.me/thumbnail/20250418/db3fff4e521c2.png'); background-position:50% 50%;  background-size:cover; background-repeat: no-repeat; position: absolute;left: 0;top: 0;right: 0; bottom: 0;	assets/cdn/thumbnail/20250418/db3fff4e521c2.png'); background-position:50% 50%;  background-size:cover; background-repeat: no-repeat; position: absolute;left: 0;top: 0;right: 0; bottom: 0;
https://cdn.imweb.me/thumbnail/20250822/00201c33ac540.png	assets/cdn/thumbnail/20250822/00201c33ac540.png
https://cdn.imweb.me/thumbnail/20250822/00201c33ac540.png)	assets/cdn/thumbnail/20250822/00201c33ac540.png)
https://cdn.imweb.me/thumbnail/20250822/02fe4e9a5655b.png	assets/cdn/thumbnail/20250822/02fe4e9a5655b.png
https://cdn.imweb.me/thumbnail/20250822/02fe4e9a5655b.png)	assets/cdn/thumbnail/20250822/02fe4e9a5655b.png)
https://cdn.imweb.me/thumbnail/20250822/08f04d3ddce38.png	assets/cdn/thumbnail/20250822/08f04d3ddce38.png
https://cdn.imweb.me/thumbnail/20250822/08f04d3ddce38.png)	assets/cdn/thumbnail/20250822/08f04d3ddce38.png)
https://cdn.imweb.me/thumbnail/20250822/0ce4129e698a3.png	assets/cdn/thumbnail/20250822/0ce4129e698a3.png
https://cdn.imweb.me/thumbnail/20250822/0ce4129e698a3.png)	assets/cdn/thumbnail/20250822/0ce4129e698a3.png)
https://cdn.imweb.me/thumbnail/20250822/0ce4129e698a3.png);;	assets/cdn/thumbnail/20250822/0ce4129e698a3.png);;
https://cdn.imweb.me/thumbnail/20250822/0d0c64fa4848e.png	assets/cdn/thumbnail/20250822/0d0c64fa4848e.png
https://cdn.imweb.me/thumbnail/20250822/0df184a353c88.png	assets/cdn/thumbnail/20250822/0df184a353c88.png
https://cdn.imweb.me/thumbnail/20250822/0df184a353c88.png)	assets/cdn/thumbnail/20250822/0df184a353c88.png)
https://cdn.imweb.me/thumbnail/20250822/0f346e6ccbde3.png	assets/cdn/thumbnail/20250822/0f346e6ccbde3.png
https://cdn.imweb.me/thumbnail/20250822/17a286d3c7748.png	assets/cdn/thumbnail/20250822/17a286d3c7748.png
https://cdn.imweb.me/thumbnail/20250822/17a286d3c7748.png)	assets/cdn/thumbnail/20250822/17a286d3c7748.png)
https://cdn.imweb.me/thumbnail/20250822/187bfb120faef.jpg	assets/cdn/thumbnail/20250822/187bfb120faef.jpg
https://cdn.imweb.me/thumbnail/20250822/1d17c739e70cb.png	assets/cdn/thumbnail/20250822/1d17c739e70cb.png
https://cdn.imweb.me/thumbnail/20250822/1f443276126b1.png	assets/cdn/thumbnail/20250822/1f443276126b1.png
https://cdn.imweb.me/thumbnail/20250822/264ea7df59dde.png	assets/cdn/thumbnail/20250822/264ea7df59dde.png
https://cdn.imweb.me/thumbnail/20250822/2764d6d34efd3.png	assets/cdn/thumbnail/20250822/2764d6d34efd3.png
https://cdn.imweb.me/thumbnail/20250822/2871ca72bdd25.png	assets/cdn/thumbnail/20250822/2871ca72bdd25.png
https://cdn.imweb.me/thumbnail/20250822/2f3ccb4413fd9.png	assets/cdn/thumbnail/20250822/2f3ccb4413fd9.png
https://cdn.imweb.me/thumbnail/20250822/2fd1189f2f82d.png	assets/cdn/thumbnail/20250822/2fd1189f2f82d.png
https://cdn.imweb.me/thumbnail/20250822/336b034c10386.png	assets/cdn/thumbnail/20250822/336b034c10386.png
https://cdn.imweb.me/thumbnail/20250822/3a8571b67be7a.jpg	assets/cdn/thumbnail/20250822/3a8571b67be7a.jpg
https://cdn.imweb.me/thumbnail/20250822/3dc291ab7ea48.png	assets/cdn/thumbnail/20250822/3dc291ab7ea48.png
https://cdn.imweb.me/thumbnail/20250822/3e97ff0314021.jpg	assets/cdn/thumbnail/20250822/3e97ff0314021.jpg
https://cdn.imweb.me/thumbnail/20250822/44dc5fdbd5937.jpg	assets/cdn/thumbnail/20250822/44dc5fdbd5937.jpg
https://cdn.imweb.me/thumbnail/20250822/45713ca990bfe.png	assets/cdn/thumbnail/20250822/45713ca990bfe.png
https://cdn.imweb.me/thumbnail/20250822/48f167abf2948.png	assets/cdn/thumbnail/20250822/48f167abf2948.png
https://cdn.imweb.me/thumbnail/20250822/48f9de79dce5e.png	assets/cdn/thumbnail/20250822/48f9de79dce5e.png
https://cdn.imweb.me/thumbnail/20250822/4d88a745ec4ca.png	assets/cdn/thumbnail/20250822/4d88a745ec4ca.png
https://cdn.imweb.me/thumbnail/20250822/565614050acbd.png	assets/cdn/thumbnail/20250822/565614050acbd.png
https://cdn.imweb.me/thumbnail/20250822/5716ed926c583.png	assets/cdn/thumbnail/20250822/5716ed926c583.png
https://cdn.imweb.me/thumbnail/20250822/5f9c686962026.png	assets/cdn/thumbnail/20250822/5f9c686962026.png
https://cdn.imweb.me/thumbnail/20250822/659ed3a055bc2.png	assets/cdn/thumbnail/20250822/659ed3a055bc2.png
https://cdn.imweb.me/thumbnail/20250822/67a7b12007e5d.png	assets/cdn/thumbnail/20250822/67a7b12007e5d.png
https://cdn.imweb.me/thumbnail/20250822/682f625e11406.png	assets/cdn/thumbnail/20250822/682f625e11406.png
https://cdn.imweb.me/thumbnail/20250822/69479e7942397.png	assets/cdn/thumbnail/20250822/69479e7942397.png
https://cdn.imweb.me/thumbnail/20250822/6adcaedd86632.png	assets/cdn/thumbnail/20250822/6adcaedd86632.png
https://cdn.imweb.me/thumbnail/20250822/6f7e6ec3b2fb0.png	assets/cdn/thumbnail/20250822/6f7e6ec3b2fb0.png
https://cdn.imweb.me/thumbnail/20250822/6ff789851f0c2.png	assets/cdn/thumbnail/20250822/6ff789851f0c2.png
https://cdn.imweb.me/thumbnail/20250822/71f37dce20387.png	assets/cdn/thumbnail/20250822/71f37dce20387.png
https://cdn.imweb.me/thumbnail/20250822/73349b31bf9ac.png	assets/cdn/thumbnail/20250822/73349b31bf9ac.png
https://cdn.imweb.me/thumbnail/20250822/79262f846ffd9.png	assets/cdn/thumbnail/20250822/79262f846ffd9.png
https://cdn.imweb.me/thumbnail/20250822/7a2b4a83b17cb.png	assets/cdn/thumbnail/20250822/7a2b4a83b17cb.png
https://cdn.imweb.me/thumbnail/20250822/7d8b8562913dc.png	assets/cdn/thumbnail/20250822/7d8b8562913dc.png
https://cdn.imweb.me/thumbnail/20250822/803524a2cb704.png	assets/cdn/thumbnail/20250822/803524a2cb704.png
https://cdn.imweb.me/thumbnail/20250822/81cd7c1795e7a.png	assets/cdn/thumbnail/20250822/81cd7c1795e7a.png
https://cdn.imweb.me/thumbnail/20250822/81f8dc85c47cd.png	assets/cdn/thumbnail/20250822/81f8dc85c47cd.png
https://cdn.imweb.me/thumbnail/20250822/83fd415618203.png	assets/cdn/thumbnail/20250822/83fd415618203.png
https://cdn.imweb.me/thumbnail/20250822/846d2ab06b0a3.png	assets/cdn/thumbnail/20250822/846d2ab06b0a3.png
https://cdn.imweb.me/thumbnail/20250822/889f68b974778.png	assets/cdn/thumbnail/20250822/889f68b974778.png
https://cdn.imweb.me/thumbnail/20250822/892e0ca4e2bee.png	assets/cdn/thumbnail/20250822/892e0ca4e2bee.png
https://cdn.imweb.me/thumbnail/20250822/8974f58c418fb.png	assets/cdn/thumbnail/20250822/8974f58c418fb.png
https://cdn.imweb.me/thumbnail/20250822/89f8d1b286ebd.jpg	assets/cdn/thumbnail/20250822/89f8d1b286ebd.jpg
https://cdn.imweb.me/thumbnail/20250822/8e79e0fcf2a3a.png	assets/cdn/thumbnail/20250822/8e79e0fcf2a3a.png
https://cdn.imweb.me/thumbnail/20250822/92408cbfc4e5b.png	assets/cdn/thumbnail/20250822/92408cbfc4e5b.png
https://cdn.imweb.me/thumbnail/20250822/954759d02090a.png	assets/cdn/thumbnail/20250822/954759d02090a.png
https://cdn.imweb.me/thumbnail/20250822/9a0d0c5229a51.png	assets/cdn/thumbnail/20250822/9a0d0c5229a51.png
https://cdn.imweb.me/thumbnail/20250822/9d3b9507bb268.png	assets/cdn/thumbnail/20250822/9d3b9507bb268.png
https://cdn.imweb.me/thumbnail/20250822/9f02d793c24a4.png	assets/cdn/thumbnail/20250822/9f02d793c24a4.png
https://cdn.imweb.me/thumbnail/20250822/a2a9e4d7e2853.png	assets/cdn/thumbnail/20250822/a2a9e4d7e2853.png
https://cdn.imweb.me/thumbnail/20250822/a6a8a23b5d51d.png	assets/cdn/thumbnail/20250822/a6a8a23b5d51d.png
https://cdn.imweb.me/thumbnail/20250822/a8646322b9e8b.jpg	assets/cdn/thumbnail/20250822/a8646322b9e8b.jpg
https://cdn.imweb.me/thumbnail/20250822/aa59b12ed138d.png	assets/cdn/thumbnail/20250822/aa59b12ed138d.png
https://cdn.imweb.me/thumbnail/20250822/b1f261218d06a.png	assets/cdn/thumbnail/20250822/b1f261218d06a.png
https://cdn.imweb.me/thumbnail/20250822/b2431ca589b69.png	assets/cdn/thumbnail/20250822/b2431ca589b69.png
https://cdn.imweb.me/thumbnail/20250822/b35c0c1f5772c.png	assets/cdn/thumbnail/20250822/b35c0c1f5772c.png
https://cdn.imweb.me/thumbnail/20250822/bb48abb55bf3d.jpg	assets/cdn/thumbnail/20250822/bb48abb55bf3d.jpg
https://cdn.imweb.me/thumbnail/20250822/bc551d9b85629.png	assets/cdn/thumbnail/20250822/bc551d9b85629.png
https://cdn.imweb.me/thumbnail/20250822/bcb4f330df887.png	assets/cdn/thumbnail/20250822/bcb4f330df887.png
https://cdn.imweb.me/thumbnail/20250822/bf9c17fc925b7.png	assets/cdn/thumbnail/20250822/bf9c17fc925b7.png
https://cdn.imweb.me/thumbnail/20250822/c2af6a14ddaf5.jpg	assets/cdn/thumbnail/20250822/c2af6a14ddaf5.jpg
https://cdn.imweb.me/thumbnail/20250822/c51b769377d94.png	assets/cdn/thumbnail/20250822/c51b769377d94.png
https://cdn.imweb.me/thumbnail/20250822/c54f4672707c4.png	assets/cdn/thumbnail/20250822/c54f4672707c4.png
https://cdn.imweb.me/thumbnail/20250822/c946d6bcd20d7.png	assets/cdn/thumbnail/20250822/c946d6bcd20d7.png
https://cdn.imweb.me/thumbnail/20250822/cb69e8f50d747.png	assets/cdn/thumbnail/20250822/cb69e8f50d747.png
https://cdn.imweb.me/thumbnail/20250822/ccbee26d4d17d.png	assets/cdn/thumbnail/20250822/ccbee26d4d17d.png
https://cdn.imweb.me/thumbnail/20250822/d149c84bc2981.png	assets/cdn/thumbnail/20250822/d149c84bc2981.png
https://cdn.imweb.me/thumbnail/20250822/d71cd86a56757.jpg	assets/cdn/thumbnail/20250822/d71cd86a56757.jpg
https://cdn.imweb.me/thumbnail/20250822/d9f54889342ef.png	assets/cdn/thumbnail/20250822/d9f54889342ef.png
https://cdn.imweb.me/thumbnail/20250822/ddd427a21c330.png	assets/cdn/thumbnail/20250822/ddd427a21c330.png
https://cdn.imweb.me/thumbnail/20250822/df50910963d44.png	assets/cdn/thumbnail/20250822/df50910963d44.png
https://cdn.imweb.me/thumbnail/20250822/e233115be2153.png	assets/cdn/thumbnail/20250822/e233115be2153.png
https://cdn.imweb.me/thumbnail/20250822/e5f5c9b12824f.jpg	assets/cdn/thumbnail/20250822/e5f5c9b12824f.jpg
https://cdn.imweb.me/thumbnail/20250822/e6eef2e69935c.png	assets/cdn/thumbnail/20250822/e6eef2e69935c.png
https://cdn.imweb.me/thumbnail/20250822/e711e6549e841.png	assets/cdn/thumbnail/20250822/e711e6549e841.png
https://cdn.imweb.me/thumbnail/20250822/e7723ec6769ba.png	assets/cdn/thumbnail/20250822/e7723ec6769ba.png
https://cdn.imweb.me/thumbnail/20250822/e8532aaf1ca97.png	assets/cdn/thumbnail/20250822/e8532aaf1ca97.png
https://cdn.imweb.me/thumbnail/20250822/e9c2353e6f076.jpg	assets/cdn/thumbnail/20250822/e9c2353e6f076.jpg
https://cdn.imweb.me/thumbnail/20250822/e9c2bc9bb9714.png	assets/cdn/thumbnail/20250822/e9c2bc9bb9714.png
https://cdn.imweb.me/thumbnail/20250822/ec15e322ed884.png	assets/cdn/thumbnail/20250822/ec15e322ed884.png
https://cdn.imweb.me/thumbnail/20250822/f26b72d9fa123.png	assets/cdn/thumbnail/20250822/f26b72d9fa123.png
https://cdn.imweb.me/thumbnail/20250822/f3c6e61344ce7.png	assets/cdn/thumbnail/20250822/f3c6e61344ce7.png
https://cdn.imweb.me/thumbnail/20250822/f45b4e7e6bd83.png	assets/cdn/thumbnail/20250822/f45b4e7e6bd83.png
https://cdn.imweb.me/thumbnail/20250822/f4ddd781cbec5.png	assets/cdn/thumbnail/20250822/f4ddd781cbec5.png
https://cdn.imweb.me/thumbnail/20250822/f6294e8f5e16e.jpg	assets/cdn/thumbnail/20250822/f6294e8f5e16e.jpg
https://cdn.imweb.me/thumbnail/20250822/f911a2700596f.png	assets/cdn/thumbnail/20250822/f911a2700596f.png
https://cdn.imweb.me/thumbnail/20250822/fd3298a84a58f.png	assets/cdn/thumbnail/20250822/fd3298a84a58f.png
https://cdn.imweb.me/thumbnail/20250829/7ec78a78869fc.png	assets/cdn/thumbnail/20250829/7ec78a78869fc.png
https://cdn.imweb.me/thumbnail/20250829/b6650f545dc74.png	assets/cdn/thumbnail/20250829/b6650f545dc74.png
https://cdn.imweb.me/thumbnail/20250829/e8e4a9f03b362.png	assets/cdn/thumbnail/20250829/e8e4a9f03b362.png
https://cdn.imweb.me/thumbnail/20250829/f15c3b07c9ad1.png	assets/cdn/thumbnail/20250829/f15c3b07c9ad1.png
https://cdn.imweb.me/thumbnail/20250902/015cbe42996c4.png	assets/cdn/thumbnail/20250902/015cbe42996c4.png
https://cdn.imweb.me/thumbnail/20250902/20fb0ce6cef58.png	assets/cdn/thumbnail/20250902/20fb0ce6cef58.png
https://cdn.imweb.me/thumbnail/20250902/5503320fec883.png	assets/cdn/thumbnail/20250902/5503320fec883.png
https://cdn.imweb.me/thumbnail/20250902/6bdba8a930b33.png	assets/cdn/thumbnail/20250902/6bdba8a930b33.png
https://cdn.imweb.me/thumbnail/20250902/6c08f2d0c47aa.png	assets/cdn/thumbnail/20250902/6c08f2d0c47aa.png
https://cdn.imweb.me/thumbnail/20250902/8934db1eebede.png	assets/cdn/thumbnail/20250902/8934db1eebede.png
https://cdn.imweb.me/thumbnail/20250902/ca48ffb5d3e54.png	assets/cdn/thumbnail/20250902/ca48ffb5d3e54.png
https://cdn.imweb.me/thumbnail/20250902/da4af401ff362.png	assets/cdn/thumbnail/20250902/da4af401ff362.png
https://cdn.imweb.me/thumbnail/20250902/f0bfcc536cf89.png	assets/cdn/thumbnail/20250902/f0bfcc536cf89.png
https://cdn.imweb.me/thumbnail/20250902/f75937238809b.png	assets/cdn/thumbnail/20250902/f75937238809b.png
https://cdn.imweb.me/thumbnail/20250903/02869b660dec3.png	assets/cdn/thumbnail/20250903/02869b660dec3.png
https://cdn.imweb.me/thumbnail/20250903/06adcef4bead6.png	assets/cdn/thumbnail/20250903/06adcef4bead6.png
https://cdn.imweb.me/thumbnail/20250903/28db22e0318bd.jpg	assets/cdn/thumbnail/20250903/28db22e0318bd.jpg
https://cdn.imweb.me/thumbnail/20250903/3bc9afdff5912.jpg	assets/cdn/thumbnail/20250903/3bc9afdff5912.jpg
https://cdn.imweb.me/thumbnail/20250903/5011679d1c0d1.jpg	assets/cdn/thumbnail/20250903/5011679d1c0d1.jpg
https://cdn.imweb.me/thumbnail/20250903/52555e62dc09d.png	assets/cdn/thumbnail/20250903/52555e62dc09d.png
https://cdn.imweb.me/thumbnail/20250903/691240f1c617b.png	assets/cdn/thumbnail/20250903/691240f1c617b.png
https://cdn.imweb.me/thumbnail/20250903/8f844bee3d0e8.jpg	assets/cdn/thumbnail/20250903/8f844bee3d0e8.jpg
https://cdn.imweb.me/thumbnail/20250903/ef13d15f098f6.png	assets/cdn/thumbnail/20250903/ef13d15f098f6.png
https://cdn.imweb.me/thumbnail/20250904/8e998a5dc74a4.png	assets/cdn/thumbnail/20250904/8e998a5dc74a4.png
https://cdn.imweb.me/thumbnail/20250904/b8953f744fc11.png	assets/cdn/thumbnail/20250904/b8953f744fc11.png
https://cdn.imweb.me/thumbnail/20250904/e1d88427c77c4.png	assets/cdn/thumbnail/20250904/e1d88427c77c4.png
https://cdn.imweb.me/thumbnail/20251022/7e8e5f910018f.png	assets/cdn/thumbnail/20251022/7e8e5f910018f.png
https://cdn.imweb.me/thumbnail/20251105/4fb7c02ecff79.jpg	assets/cdn/thumbnail/20251105/4fb7c02ecff79.jpg
https://cdn.imweb.me/thumbnail/20251105/79e3a96433a28.jpg	assets/cdn/thumbnail/20251105/79e3a96433a28.jpg
https://cdn.imweb.me/thumbnail/20251105/cd3f6451bf61d.jpg	assets/cdn/thumbnail/20251105/cd3f6451bf61d.jpg
https://cdn.imweb.me/thumbnail/20251105/f2f7f1f1f2bac.jpg	assets/cdn/thumbnail/20251105/f2f7f1f1f2bac.jpg
https://cdn.imweb.me/thumbnail/20251201/1a51505c92b8f.png	assets/cdn/thumbnail/20251201/1a51505c92b8f.png
https://cdn.imweb.me/thumbnail/20251201/28d3a7dd9c61d.png	assets/cdn/thumbnail/20251201/28d3a7dd9c61d.png
https://cdn.imweb.me/thumbnail/20251201/33900accb3673.png	assets/cdn/thumbnail/20251201/33900accb3673.png
https://cdn.imweb.me/thumbnail/20251201/3393566e15385.png	assets/cdn/thumbnail/20251201/3393566e15385.png
https://cdn.imweb.me/thumbnail/20251201/49d076c330f83.png	assets/cdn/thumbnail/20251201/49d076c330f83.png
https://cdn.imweb.me/thumbnail/20251201/4bf481a887119.png	assets/cdn/thumbnail/20251201/4bf481a887119.png
https://cdn.imweb.me/thumbnail/20251201/51bf4a2dc008a.png	assets/cdn/thumbnail/20251201/51bf4a2dc008a.png
https://cdn.imweb.me/thumbnail/20251201/6f3e6058210ec.png	assets/cdn/thumbnail/20251201/6f3e6058210ec.png
https://cdn.imweb.me/thumbnail/20251201/7312bbaa4842a.png	assets/cdn/thumbnail/20251201/7312bbaa4842a.png
https://cdn.imweb.me/thumbnail/20251201/77027cbf39dc3.png	assets/cdn/thumbnail/20251201/77027cbf39dc3.png
https://cdn.imweb.me/thumbnail/20251201/85c3334b61f2f.png	assets/cdn/thumbnail/20251201/85c3334b61f2f.png
https://cdn.imweb.me/thumbnail/20251201/8f8bf021c7b60.png	assets/cdn/thumbnail/20251201/8f8bf021c7b60.png
https://cdn.imweb.me/thumbnail/20251201/957d59e86fc65.png	assets/cdn/thumbnail/20251201/957d59e86fc65.png
https://cdn.imweb.me/thumbnail/20251201/972c8b34d0b52.png	assets/cdn/thumbnail/20251201/972c8b34d0b52.png
https://cdn.imweb.me/thumbnail/20251201/977485baed86c.png	assets/cdn/thumbnail/20251201/977485baed86c.png
https://cdn.imweb.me/thumbnail/20251201/98e651d7ed11a.png	assets/cdn/thumbnail/20251201/98e651d7ed11a.png
https://cdn.imweb.me/thumbnail/20251201/9931ab3370275.png	assets/cdn/thumbnail/20251201/9931ab3370275.png
https://cdn.imweb.me/thumbnail/20251201/a4d50f9140753.png	assets/cdn/thumbnail/20251201/a4d50f9140753.png
https://cdn.imweb.me/thumbnail/20251201/ac87531a22cdb.png	assets/cdn/thumbnail/20251201/ac87531a22cdb.png
https://cdn.imweb.me/thumbnail/20251201/b83eb1958e98b.png	assets/cdn/thumbnail/20251201/b83eb1958e98b.png
https://cdn.imweb.me/thumbnail/20251201/c38696c2906c2.png	assets/cdn/thumbnail/20251201/c38696c2906c2.png
https://cdn.imweb.me/thumbnail/20251201/c8e261c3d0dd9.png	assets/cdn/thumbnail/20251201/c8e261c3d0dd9.png
https://cdn.imweb.me/thumbnail/20251201/ca2c18538e4a5.png	assets/cdn/thumbnail/20251201/ca2c18538e4a5.png
https://cdn.imweb.me/thumbnail/20251201/ca6e6b8119842.png	assets/cdn/thumbnail/20251201/ca6e6b8119842.png
https://cdn.imweb.me/thumbnail/20251201/cbdf65a472a4f.png	assets/cdn/thumbnail/20251201/cbdf65a472a4f.png
https://cdn.imweb.me/thumbnail/20251201/cfd7d67ccc4e7.png	assets/cdn/thumbnail/20251201/cfd7d67ccc4e7.png
https://cdn.imweb.me/thumbnail/20251201/d5a7214601f9d.png	assets/cdn/thumbnail/20251201/d5a7214601f9d.png
https://cdn.imweb.me/thumbnail/20251201/d8b1a93ec2224.png	assets/cdn/thumbnail/20251201/d8b1a93ec2224.png
https://cdn.imweb.me/thumbnail/20251201/db86cbe8f59c5.png	assets/cdn/thumbnail/20251201/db86cbe8f59c5.png
https://cdn.imweb.me/thumbnail/20251201/e17eefdbcfe1c.png	assets/cdn/thumbnail/20251201/e17eefdbcfe1c.png
https://cdn.imweb.me/thumbnail/20251201/ea036aa0695c4.png	assets/cdn/thumbnail/20251201/ea036aa0695c4.png
https://cdn.imweb.me/thumbnail/20251201/ed6f43871ca14.png	assets/cdn/thumbnail/20251201/ed6f43871ca14.png
https://cdn.imweb.me/thumbnail/20251201/f54cdb2732b60.png	assets/cdn/thumbnail/20251201/f54cdb2732b60.png
https://cdn.imweb.me/thumbnail/20251201/fd4b1fd61b262.png	assets/cdn/thumbnail/20251201/fd4b1fd61b262.png
https://cdn.imweb.me/thumbnail/20260305/03ae3ee40f585.png	assets/cdn/thumbnail/20260305/03ae3ee40f585.png
https://cdn.imweb.me/thumbnail/20260305/1eb5c92c42194.png	assets/cdn/thumbnail/20260305/1eb5c92c42194.png
https://cdn.imweb.me/thumbnail/20260305/2748ccad43e38.png	assets/cdn/thumbnail/20260305/2748ccad43e38.png
https://cdn.imweb.me/thumbnail/20260305/27b40b97b2edd.png	assets/cdn/thumbnail/20260305/27b40b97b2edd.png
https://cdn.imweb.me/thumbnail/20260305/2c8e18c242080.png	assets/cdn/thumbnail/20260305/2c8e18c242080.png
https://cdn.imweb.me/thumbnail/20260305/3a255c33ea4a3.png	assets/cdn/thumbnail/20260305/3a255c33ea4a3.png
https://cdn.imweb.me/thumbnail/20260305/50373e3a46404.png	assets/cdn/thumbnail/20260305/50373e3a46404.png
https://cdn.imweb.me/thumbnail/20260305/54f62ff001c40.png	assets/cdn/thumbnail/20260305/54f62ff001c40.png
https://cdn.imweb.me/thumbnail/20260305/5e8d867dfbdbf.png	assets/cdn/thumbnail/20260305/5e8d867dfbdbf.png
https://cdn.imweb.me/thumbnail/20260305/7a5e467c744ed.png	assets/cdn/thumbnail/20260305/7a5e467c744ed.png
https://cdn.imweb.me/thumbnail/20260305/7e88225d0b7db.png	assets/cdn/thumbnail/20260305/7e88225d0b7db.png
https://cdn.imweb.me/thumbnail/20260305/936bf273c9a8b.png	assets/cdn/thumbnail/20260305/936bf273c9a8b.png
https://cdn.imweb.me/thumbnail/20260305/9c6a83c86b213.png	assets/cdn/thumbnail/20260305/9c6a83c86b213.png
https://cdn.imweb.me/thumbnail/20260305/9f6e689cc13bc.png	assets/cdn/thumbnail/20260305/9f6e689cc13bc.png
https://cdn.imweb.me/thumbnail/20260305/ac169c6da5fa9.png	assets/cdn/thumbnail/20260305/ac169c6da5fa9.png
https://cdn.imweb.me/thumbnail/20260305/b229f629602c7.png	assets/cdn/thumbnail/20260305/b229f629602c7.png
https://cdn.imweb.me/thumbnail/20260305/ce56dcc5bbd2e.png	assets/cdn/thumbnail/20260305/ce56dcc5bbd2e.png
https://cdn.imweb.me/thumbnail/20260305/df5a216447700.png	assets/cdn/thumbnail/20260305/df5a216447700.png
https://cdn.imweb.me/thumbnail/20260305/e0606b99a9cd1.png	assets/cdn/thumbnail/20260305/e0606b99a9cd1.png
https://cdn.imweb.me/thumbnail/20260305/e2449a4e079d3.png	assets/cdn/thumbnail/20260305/e2449a4e079d3.png
https://cdn.imweb.me/thumbnail/20260305/e7721eee0b042.png	assets/cdn/thumbnail/20260305/e7721eee0b042.png
https://cdn.imweb.me/thumbnail/20260401/006395f903519.png	assets/cdn/thumbnail/20260401/006395f903519.png
https://cdn.imweb.me/thumbnail/20260401/1479e8140df33.png	assets/cdn/thumbnail/20260401/1479e8140df33.png
https://cdn.imweb.me/thumbnail/20260401/2389b9627b671.png	assets/cdn/thumbnail/20260401/2389b9627b671.png
https://cdn.imweb.me/thumbnail/20260401/310ade6d692e4.png	assets/cdn/thumbnail/20260401/310ade6d692e4.png
https://cdn.imweb.me/thumbnail/20260401/3dca19f5a5bb5.png	assets/cdn/thumbnail/20260401/3dca19f5a5bb5.png
https://cdn.imweb.me/thumbnail/20260401/4feefffadc34a.png	assets/cdn/thumbnail/20260401/4feefffadc34a.png
https://cdn.imweb.me/thumbnail/20260401/50524bc9c47e8.png	assets/cdn/thumbnail/20260401/50524bc9c47e8.png
https://cdn.imweb.me/thumbnail/20260401/5ce5abad51e07.png	assets/cdn/thumbnail/20260401/5ce5abad51e07.png
https://cdn.imweb.me/thumbnail/20260401/6f01217083e70.png	assets/cdn/thumbnail/20260401/6f01217083e70.png
https://cdn.imweb.me/thumbnail/20260401/7af62769ab19e.png	assets/cdn/thumbnail/20260401/7af62769ab19e.png
https://cdn.imweb.me/thumbnail/20260401/89f6ec9c2fcb6.png	assets/cdn/thumbnail/20260401/89f6ec9c2fcb6.png
https://cdn.imweb.me/thumbnail/20260401/9c693c28cdba0.png	assets/cdn/thumbnail/20260401/9c693c28cdba0.png
https://cdn.imweb.me/thumbnail/20260401/9e2ddb49d9fb9.png	assets/cdn/thumbnail/20260401/9e2ddb49d9fb9.png
https://cdn.imweb.me/thumbnail/20260401/a3622962702d7.png	assets/cdn/thumbnail/20260401/a3622962702d7.png
https://cdn.imweb.me/thumbnail/20260401/a3ba4b398e0b1.png	assets/cdn/thumbnail/20260401/a3ba4b398e0b1.png
https://cdn.imweb.me/thumbnail/20260401/aa83452dde339.png	assets/cdn/thumbnail/20260401/aa83452dde339.png
https://cdn.imweb.me/thumbnail/20260401/aa9ac3a990b41.png	assets/cdn/thumbnail/20260401/aa9ac3a990b41.png
https://cdn.imweb.me/thumbnail/20260401/b479349994886.png	assets/cdn/thumbnail/20260401/b479349994886.png
https://cdn.imweb.me/thumbnail/20260401/bc6eb5e0dba65.png	assets/cdn/thumbnail/20260401/bc6eb5e0dba65.png
https://cdn.imweb.me/thumbnail/20260401/bc7acf1fddb75.png	assets/cdn/thumbnail/20260401/bc7acf1fddb75.png
https://cdn.imweb.me/thumbnail/20260401/bea3fe818b005.png	assets/cdn/thumbnail/20260401/bea3fe818b005.png
https://cdn.imweb.me/thumbnail/20260401/bf8e77050f26d.png	assets/cdn/thumbnail/20260401/bf8e77050f26d.png
https://cdn.imweb.me/thumbnail/20260401/d16988d6b42d5.png	assets/cdn/thumbnail/20260401/d16988d6b42d5.png
https://cdn.imweb.me/thumbnail/20260401/daef998f188e4.png	assets/cdn/thumbnail/20260401/daef998f188e4.png
https://cdn.imweb.me/thumbnail/20260401/decf210c0a59f.png	assets/cdn/thumbnail/20260401/decf210c0a59f.png
https://cdn.imweb.me/thumbnail/20260401/e2a23da1efa51.png	assets/cdn/thumbnail/20260401/e2a23da1efa51.png
https://cdn.imweb.me/thumbnail/20260401/f78dbbf833911.png	assets/cdn/thumbnail/20260401/f78dbbf833911.png
https://cdn.imweb.me/thumbnail/20260402/9b1b8593a9cab.jpg	assets/cdn/thumbnail/20260402/9b1b8593a9cab.jpg
https://cdn.imweb.me/thumbnail/20260402/a0cc3de501edc.jpg	assets/cdn/thumbnail/20260402/a0cc3de501edc.jpg
https://cdn.imweb.me/thumbnail/20260403/222784974db8b.jpg	assets/cdn/thumbnail/20260403/222784974db8b.jpg
https://cdn.imweb.me/thumbnail/20260403/421f81b52fc5f.jpg	assets/cdn/thumbnail/20260403/421f81b52fc5f.jpg
https://cdn.imweb.me/thumbnail/20260403/4416362bae482.jpg	assets/cdn/thumbnail/20260403/4416362bae482.jpg
https://cdn.imweb.me/thumbnail/20260403/6792f4a76b996.png	assets/cdn/thumbnail/20260403/6792f4a76b996.png
https://cdn.imweb.me/thumbnail/20260403/795e71484e050.png	assets/cdn/thumbnail/20260403/795e71484e050.png
https://cdn.imweb.me/thumbnail/20260403/7a50dcdc1516e.jpg	assets/cdn/thumbnail/20260403/7a50dcdc1516e.jpg
https://cdn.imweb.me/thumbnail/20260403/87c3bcf6c5122.png	assets/cdn/thumbnail/20260403/87c3bcf6c5122.png
https://cdn.imweb.me/thumbnail/20260403/a008e4bb45788.png	assets/cdn/thumbnail/20260403/a008e4bb45788.png
https://cdn.imweb.me/thumbnail/20260403/a98fbd372084a.png	assets/cdn/thumbnail/20260403/a98fbd372084a.png
https://cdn.imweb.me/thumbnail/20260403/e2988c0cb3742.png	assets/cdn/thumbnail/20260403/e2988c0cb3742.png
https://cdn.imweb.me/thumbnail/20260607/13a5cf7113d46.png	assets/cdn/thumbnail/20260607/13a5cf7113d46.png
https://cdn.imweb.me/thumbnail/20260607/61b380ec8e2f6.png	assets/cdn/thumbnail/20260607/61b380ec8e2f6.png
https://cdn.imweb.me/thumbnail/20260607/6acbc5973075f.png	assets/cdn/thumbnail/20260607/6acbc5973075f.png
https://cdn.imweb.me/thumbnail/20260607/8ccb3fe8ebc1c.png	assets/cdn/thumbnail/20260607/8ccb3fe8ebc1c.png
https://cdn.imweb.me/thumbnail/20260607/b374ba1f1e6cc.png	assets/cdn/thumbnail/20260607/b374ba1f1e6cc.png
https://cdn.imweb.me/thumbnail/20260609/24afcd57adf5d.png	assets/cdn/thumbnail/20260609/24afcd57adf5d.png
https://cdn.imweb.me/thumbnail/20260609/251dcaf229309.png	assets/cdn/thumbnail/20260609/251dcaf229309.png
https://cdn.imweb.me/thumbnail/20260609/3811e4d967ea0.png	assets/cdn/thumbnail/20260609/3811e4d967ea0.png
https://cdn.imweb.me/thumbnail/20260609/3b41645672b9a.png	assets/cdn/thumbnail/20260609/3b41645672b9a.png
https://cdn.imweb.me/thumbnail/20260609/52dbdc187e8fc.png	assets/cdn/thumbnail/20260609/52dbdc187e8fc.png
https://cdn.imweb.me/thumbnail/20260609/552e0a5decffd.png	assets/cdn/thumbnail/20260609/552e0a5decffd.png
https://cdn.imweb.me/thumbnail/20260609/601f2270eda64.png	assets/cdn/thumbnail/20260609/601f2270eda64.png
https://cdn.imweb.me/thumbnail/20260609/6839e0bbf0fc6.png	assets/cdn/thumbnail/20260609/6839e0bbf0fc6.png
https://cdn.imweb.me/thumbnail/20260609/6845b17e22769.png	assets/cdn/thumbnail/20260609/6845b17e22769.png
https://cdn.imweb.me/thumbnail/20260609/833ad912b91d4.png	assets/cdn/thumbnail/20260609/833ad912b91d4.png
https://cdn.imweb.me/thumbnail/20260609/959e862c0af5c.png	assets/cdn/thumbnail/20260609/959e862c0af5c.png
https://cdn.imweb.me/thumbnail/20260609/c5262f402c04c.png	assets/cdn/thumbnail/20260609/c5262f402c04c.png
https://cdn.imweb.me/thumbnail/20260609/cc1428a0524df.png	assets/cdn/thumbnail/20260609/cc1428a0524df.png
https://cdn.imweb.me/thumbnail/20260609/d1a0042dec4b5.png	assets/cdn/thumbnail/20260609/d1a0042dec4b5.png
https://cdn.imweb.me/thumbnail/20260609/d72e1a62b334b.png	assets/cdn/thumbnail/20260609/d72e1a62b334b.png
https://cdn.imweb.me/thumbnail/20260609/e9d3cdfc0a0b4.png	assets/cdn/thumbnail/20260609/e9d3cdfc0a0b4.png
https://cdn.imweb.me/thumbnail/20260609/eaa8e9f6ce9cd.png	assets/cdn/thumbnail/20260609/eaa8e9f6ce9cd.png
https://cdn.imweb.me/thumbnail/20260609/ebdf3dad40eb8.png	assets/cdn/thumbnail/20260609/ebdf3dad40eb8.png
https://cdn.imweb.me/thumbnail/20260611/24524114601ed.jpg	assets/cdn/thumbnail/20260611/24524114601ed.jpg
https://cdn.imweb.me/thumbnail/20260619/6ba892cfa62be.jpg	assets/cdn/thumbnail/20260619/6ba892cfa62be.jpg
https://cdn.imweb.me/thumbnail/20260710/04a0e27768613.png	assets/cdn/thumbnail/20260710/04a0e27768613.png
https://cdn.imweb.me/thumbnail/20260710/05961e8fbe427.jpg	assets/cdn/thumbnail/20260710/05961e8fbe427.jpg
https://cdn.imweb.me/thumbnail/20260710/11f863edace95.png	assets/cdn/thumbnail/20260710/11f863edace95.png
https://cdn.imweb.me/thumbnail/20260710/1732b268cb58b.png	assets/cdn/thumbnail/20260710/1732b268cb58b.png
https://cdn.imweb.me/thumbnail/20260710/1d8fb785afc1d.png	assets/cdn/thumbnail/20260710/1d8fb785afc1d.png
https://cdn.imweb.me/thumbnail/20260710/4046b237fdb05.png	assets/cdn/thumbnail/20260710/4046b237fdb05.png
https://cdn.imweb.me/thumbnail/20260710/622b4f8c3f515.png	assets/cdn/thumbnail/20260710/622b4f8c3f515.png
https://cdn.imweb.me/thumbnail/20260710/ac4ac153237d8.png	assets/cdn/thumbnail/20260710/ac4ac153237d8.png
https://cdn.imweb.me/thumbnail/20260710/af80b27fd53c5.png	assets/cdn/thumbnail/20260710/af80b27fd53c5.png
https://cdn.imweb.me/thumbnail/20260711/0193d4c4115aa.png	assets/cdn/thumbnail/20260711/0193d4c4115aa.png
https://cdn.imweb.me/thumbnail/20260711/0c434a8baa13f.png	assets/cdn/thumbnail/20260711/0c434a8baa13f.png
https://cdn.imweb.me/thumbnail/20260711/0f12e25abd075.png	assets/cdn/thumbnail/20260711/0f12e25abd075.png
https://cdn.imweb.me/thumbnail/20260711/118a2b806a197.png	assets/cdn/thumbnail/20260711/118a2b806a197.png
https://cdn.imweb.me/thumbnail/20260711/262ad20e0f15c.png	assets/cdn/thumbnail/20260711/262ad20e0f15c.png
https://cdn.imweb.me/thumbnail/20260711/3645eea09c6bb.png	assets/cdn/thumbnail/20260711/3645eea09c6bb.png
https://cdn.imweb.me/thumbnail/20260711/549cd4437b3c1.png	assets/cdn/thumbnail/20260711/549cd4437b3c1.png
https://cdn.imweb.me/thumbnail/20260711/5773dcd2eb07b.png	assets/cdn/thumbnail/20260711/5773dcd2eb07b.png
https://cdn.imweb.me/thumbnail/20260711/6acea151579c2.png	assets/cdn/thumbnail/20260711/6acea151579c2.png
https://cdn.imweb.me/thumbnail/20260711/7333aaf303046.png	assets/cdn/thumbnail/20260711/7333aaf303046.png
https://cdn.imweb.me/thumbnail/20260711/8715fc916a620.png	assets/cdn/thumbnail/20260711/8715fc916a620.png
https://cdn.imweb.me/thumbnail/20260711/8794dd5687a86.png	assets/cdn/thumbnail/20260711/8794dd5687a86.png
https://cdn.imweb.me/thumbnail/20260711/8d5bff12baa07.png	assets/cdn/thumbnail/20260711/8d5bff12baa07.png
https://cdn.imweb.me/thumbnail/20260711/add466dab29fb.png	assets/cdn/thumbnail/20260711/add466dab29fb.png
https://cdn.imweb.me/thumbnail/20260711/b1ce9afc25e75.png	assets/cdn/thumbnail/20260711/b1ce9afc25e75.png
https://cdn.imweb.me/thumbnail/20260711/d3c033c1c9613.png	assets/cdn/thumbnail/20260711/d3c033c1c9613.png
https://cdn.imweb.me/thumbnail/20260711/f5a34243d2e8c.png	assets/cdn/thumbnail/20260711/f5a34243d2e8c.png
https://cdn.imweb.me/thumbnail/20260713/2cbc5ccc326fc.png	assets/cdn/thumbnail/20260713/2cbc5ccc326fc.png
https://cdn.imweb.me/thumbnail/20260715/61ee46aec08b1.jpg	assets/cdn/thumbnail/20260715/61ee46aec08b1.jpg
https://cdn.imweb.me/thumbnail/20260716/e0cef0713820c.png	assets/cdn/thumbnail/20260716/e0cef0713820c.png
https://cdn.imweb.me/thumbnail/20260722/f51a4755a268e.png	assets/cdn/thumbnail/20260722/f51a4755a268e.png
https://cdn.imweb.me/thumbnail/20260811/0673125213450.png	assets/cdn/thumbnail/20260811/0673125213450.png
https://cdn.imweb.me/thumbnail/20260811/08268a4b25b36.png	assets/cdn/thumbnail/20260811/08268a4b25b36.png
https://cdn.imweb.me/thumbnail/20260811/154ee583fc973.png	assets/cdn/thumbnail/20260811/154ee583fc973.png
https://cdn.imweb.me/thumbnail/20260811/1768b9d6acf0c.png	assets/cdn/thumbnail/20260811/1768b9d6acf0c.png
https://cdn.imweb.me/thumbnail/20260811/17c15cb9c901b.png	assets/cdn/thumbnail/20260811/17c15cb9c901b.png
https://cdn.imweb.me/thumbnail/20260811/1a13bd147744b.png	assets/cdn/thumbnail/20260811/1a13bd147744b.png
https://cdn.imweb.me/thumbnail/20260811/1f383fc7ea1ca.png	assets/cdn/thumbnail/20260811/1f383fc7ea1ca.png
https://cdn.imweb.me/thumbnail/20260811/231fa12fb8a80.png	assets/cdn/thumbnail/20260811/231fa12fb8a80.png
https://cdn.imweb.me/thumbnail/20260811/26aa51b2c4122.png	assets/cdn/thumbnail/20260811/26aa51b2c4122.png
https://cdn.imweb.me/thumbnail/20260811/26f02ffcb2383.png	assets/cdn/thumbnail/20260811/26f02ffcb2383.png
https://cdn.imweb.me/thumbnail/20260811/28d3ae945df7c.png	assets/cdn/thumbnail/20260811/28d3ae945df7c.png
https://cdn.imweb.me/thumbnail/20260811/2dcc960d80f16.png	assets/cdn/thumbnail/20260811/2dcc960d80f16.png
https://cdn.imweb.me/thumbnail/20260811/2e2f0bc22f634.png	assets/cdn/thumbnail/20260811/2e2f0bc22f634.png
https://cdn.imweb.me/thumbnail/20260811/30a3c2a9017fb.png	assets/cdn/thumbnail/20260811/30a3c2a9017fb.png
https://cdn.imweb.me/thumbnail/20260811/38eb68f171d99.png	assets/cdn/thumbnail/20260811/38eb68f171d99.png
https://cdn.imweb.me/thumbnail/20260811/3a0adbf30fa38.png	assets/cdn/thumbnail/20260811/3a0adbf30fa38.png
https://cdn.imweb.me/thumbnail/20260811/3b49bdcadfd3c.png	assets/cdn/thumbnail/20260811/3b49bdcadfd3c.png
https://cdn.imweb.me/thumbnail/20260811/3d3faa477def0.png	assets/cdn/thumbnail/20260811/3d3faa477def0.png
https://cdn.imweb.me/thumbnail/20260811/3f7229a891a0d.png	assets/cdn/thumbnail/20260811/3f7229a891a0d.png
https://cdn.imweb.me/thumbnail/20260811/3f9767c1abc1d.png	assets/cdn/thumbnail/20260811/3f9767c1abc1d.png
https://cdn.imweb.me/thumbnail/20260811/447b64e0e8d5e.png	assets/cdn/thumbnail/20260811/447b64e0e8d5e.png
https://cdn.imweb.me/thumbnail/20260811/4b144a8aebb44.png	assets/cdn/thumbnail/20260811/4b144a8aebb44.png
https://cdn.imweb.me/thumbnail/20260811/4f073d71be558.png	assets/cdn/thumbnail/20260811/4f073d71be558.png
https://cdn.imweb.me/thumbnail/20260811/4f1c07b992062.png	assets/cdn/thumbnail/20260811/4f1c07b992062.png
https://cdn.imweb.me/thumbnail/20260811/4f40e31309824.png	assets/cdn/thumbnail/20260811/4f40e31309824.png
https://cdn.imweb.me/thumbnail/20260811/4f5c4ecd26d93.png	assets/cdn/thumbnail/20260811/4f5c4ecd26d93.png
https://cdn.imweb.me/thumbnail/20260811/510c49d9b093d.png	assets/cdn/thumbnail/20260811/510c49d9b093d.png
https://cdn.imweb.me/thumbnail/20260811/574d8e60b43a7.png	assets/cdn/thumbnail/20260811/574d8e60b43a7.png
https://cdn.imweb.me/thumbnail/20260811/5d6cf36bda32d.png	assets/cdn/thumbnail/20260811/5d6cf36bda32d.png
https://cdn.imweb.me/thumbnail/20260811/61db6515eac41.png	assets/cdn/thumbnail/20260811/61db6515eac41.png
https://cdn.imweb.me/thumbnail/20260811/631b0d675a94e.png	assets/cdn/thumbnail/20260811/631b0d675a94e.png
https://cdn.imweb.me/thumbnail/20260811/6512173c0326c.png	assets/cdn/thumbnail/20260811/6512173c0326c.png
https://cdn.imweb.me/thumbnail/20260811/68aecd77b5525.png	assets/cdn/thumbnail/20260811/68aecd77b5525.png
https://cdn.imweb.me/thumbnail/20260811/6b31046b7a51b.png	assets/cdn/thumbnail/20260811/6b31046b7a51b.png
https://cdn.imweb.me/thumbnail/20260811/6e8296e0339c9.png	assets/cdn/thumbnail/20260811/6e8296e0339c9.png
https://cdn.imweb.me/thumbnail/20260811/708838ff5d5c6.png	assets/cdn/thumbnail/20260811/708838ff5d5c6.png
https://cdn.imweb.me/thumbnail/20260811/71c18ad2f5314.png	assets/cdn/thumbnail/20260811/71c18ad2f5314.png
https://cdn.imweb.me/thumbnail/20260811/771803afc0f95.png	assets/cdn/thumbnail/20260811/771803afc0f95.png
https://cdn.imweb.me/thumbnail/20260811/8521dd7634130.png	assets/cdn/thumbnail/20260811/8521dd7634130.png
https://cdn.imweb.me/thumbnail/20260811/8797172632423.png	assets/cdn/thumbnail/20260811/8797172632423.png
https://cdn.imweb.me/thumbnail/20260811/8f98b34fcf05d.png	assets/cdn/thumbnail/20260811/8f98b34fcf05d.png
https://cdn.imweb.me/thumbnail/20260811/926c9bf5f9baa.png	assets/cdn/thumbnail/20260811/926c9bf5f9baa.png
https://cdn.imweb.me/thumbnail/20260811/92d2bd0d782e2.png	assets/cdn/thumbnail/20260811/92d2bd0d782e2.png
https://cdn.imweb.me/thumbnail/20260811/9c869f4fa95d2.png	assets/cdn/thumbnail/20260811/9c869f4fa95d2.png
https://cdn.imweb.me/thumbnail/20260811/a749e7be02896.png	assets/cdn/thumbnail/20260811/a749e7be02896.png
https://cdn.imweb.me/thumbnail/20260811/ae3c06572eae2.png	assets/cdn/thumbnail/20260811/ae3c06572eae2.png
https://cdn.imweb.me/thumbnail/20260811/aefb84d0f3148.png	assets/cdn/thumbnail/20260811/aefb84d0f3148.png
https://cdn.imweb.me/thumbnail/20260811/b0d0447656ad3.png	assets/cdn/thumbnail/20260811/b0d0447656ad3.png
https://cdn.imweb.me/thumbnail/20260811/b5645d6bd225c.png	assets/cdn/thumbnail/20260811/b5645d6bd225c.png
https://cdn.imweb.me/thumbnail/20260811/b9023b10a4cc5.png	assets/cdn/thumbnail/20260811/b9023b10a4cc5.png
https://cdn.imweb.me/thumbnail/20260811/bc9c5c3debd04.png	assets/cdn/thumbnail/20260811/bc9c5c3debd04.png
https://cdn.imweb.me/thumbnail/20260811/bd90bc6ead1b5.png	assets/cdn/thumbnail/20260811/bd90bc6ead1b5.png
https://cdn.imweb.me/thumbnail/20260811/c161e46ea827b.png	assets/cdn/thumbnail/20260811/c161e46ea827b.png
https://cdn.imweb.me/thumbnail/20260811/c2c240ff79618.png	assets/cdn/thumbnail/20260811/c2c240ff79618.png
https://cdn.imweb.me/thumbnail/20260811/c97cbab5e5e4e.png	assets/cdn/thumbnail/20260811/c97cbab5e5e4e.png
https://cdn.imweb.me/thumbnail/20260811/ca82fb04b3f56.png	assets/cdn/thumbnail/20260811/ca82fb04b3f56.png
https://cdn.imweb.me/thumbnail/20260811/cb5bc2011765d.png	assets/cdn/thumbnail/20260811/cb5bc2011765d.png
https://cdn.imweb.me/thumbnail/20260811/cfcea53ed8922.png	assets/cdn/thumbnail/20260811/cfcea53ed8922.png
https://cdn.imweb.me/thumbnail/20260811/d4923a20d9544.png	assets/cdn/thumbnail/20260811/d4923a20d9544.png
https://cdn.imweb.me/thumbnail/20260811/d76102d565758.png	assets/cdn/thumbnail/20260811/d76102d565758.png
https://cdn.imweb.me/thumbnail/20260811/d773a490380fd.png	assets/cdn/thumbnail/20260811/d773a490380fd.png
https://cdn.imweb.me/thumbnail/20260811/dd184ced13e11.png	assets/cdn/thumbnail/20260811/dd184ced13e11.png
https://cdn.imweb.me/thumbnail/20260811/deeeea42df389.png	assets/cdn/thumbnail/20260811/deeeea42df389.png
https://cdn.imweb.me/thumbnail/20260811/e0e65238622de.png	assets/cdn/thumbnail/20260811/e0e65238622de.png
https://cdn.imweb.me/thumbnail/20260811/e21928bfcda23.png	assets/cdn/thumbnail/20260811/e21928bfcda23.png
https://cdn.imweb.me/thumbnail/20260811/e50a323b50bb2.png	assets/cdn/thumbnail/20260811/e50a323b50bb2.png
https://cdn.imweb.me/thumbnail/20260811/eb0344679c56e.png	assets/cdn/thumbnail/20260811/eb0344679c56e.png
https://cdn.imweb.me/thumbnail/20260811/f0b125766e368.png	assets/cdn/thumbnail/20260811/f0b125766e368.png
https://cdn.imweb.me/thumbnail/20260811/f204bf314f388.png	assets/cdn/thumbnail/20260811/f204bf314f388.png
https://cdn.imweb.me/thumbnail/20260811/f4d90aa536fe4.png	assets/cdn/thumbnail/20260811/f4d90aa536fe4.png
https://cdn.imweb.me/thumbnail/20260811/f965410044f7f.png	assets/cdn/thumbnail/20260811/f965410044f7f.png
https://cdn.imweb.me/thumbnail/20260811/f9bc70914644b.png	assets/cdn/thumbnail/20260811/f9bc70914644b.png
https://cdn.imweb.me/thumbnail/20260811/fb7c51fc3cc94.png	assets/cdn/thumbnail/20260811/fb7c51fc3cc94.png
https://cdn.imweb.me/thumbnail/20260812/0444769d66fbc.png	assets/cdn/thumbnail/20260812/0444769d66fbc.png
https://cdn.imweb.me/thumbnail/20260812/087eeb6b27108.png	assets/cdn/thumbnail/20260812/087eeb6b27108.png
https://cdn.imweb.me/thumbnail/20260812/09296b5af5580.png	assets/cdn/thumbnail/20260812/09296b5af5580.png
https://cdn.imweb.me/thumbnail/20260812/0cb9e455d4b0e.png	assets/cdn/thumbnail/20260812/0cb9e455d4b0e.png
https://cdn.imweb.me/thumbnail/20260812/1104e8194e8e3.png	assets/cdn/thumbnail/20260812/1104e8194e8e3.png
https://cdn.imweb.me/thumbnail/20260812/126f892db5a71.png	assets/cdn/thumbnail/20260812/126f892db5a71.png
https://cdn.imweb.me/thumbnail/20260812/1746625dcc3b9.png	assets/cdn/thumbnail/20260812/1746625dcc3b9.png
https://cdn.imweb.me/thumbnail/20260812/1b6a000a9c2f2.png	assets/cdn/thumbnail/20260812/1b6a000a9c2f2.png
https://cdn.imweb.me/thumbnail/20260812/1d837bad1a635.png	assets/cdn/thumbnail/20260812/1d837bad1a635.png
https://cdn.imweb.me/thumbnail/20260812/1ed279d0752ba.png	assets/cdn/thumbnail/20260812/1ed279d0752ba.png
https://cdn.imweb.me/thumbnail/20260812/2cc1208505249.png	assets/cdn/thumbnail/20260812/2cc1208505249.png
https://cdn.imweb.me/thumbnail/20260812/377be4f907a1e.png	assets/cdn/thumbnail/20260812/377be4f907a1e.png
https://cdn.imweb.me/thumbnail/20260812/39212fa676214.png	assets/cdn/thumbnail/20260812/39212fa676214.png
https://cdn.imweb.me/thumbnail/20260812/3a2b8c542d054.png	assets/cdn/thumbnail/20260812/3a2b8c542d054.png
https://cdn.imweb.me/thumbnail/20260812/3d0c9b2fde35b.png	assets/cdn/thumbnail/20260812/3d0c9b2fde35b.png
https://cdn.imweb.me/thumbnail/20260812/460a0e9186168.png	assets/cdn/thumbnail/20260812/460a0e9186168.png
https://cdn.imweb.me/thumbnail/20260812/49595eb18d004.png	assets/cdn/thumbnail/20260812/49595eb18d004.png
https://cdn.imweb.me/thumbnail/20260812/4973e5a6e80ac.png	assets/cdn/thumbnail/20260812/4973e5a6e80ac.png
https://cdn.imweb.me/thumbnail/20260812/4b0e40da4bf11.png	assets/cdn/thumbnail/20260812/4b0e40da4bf11.png
https://cdn.imweb.me/thumbnail/20260812/539d6e5d4a5b3.png	assets/cdn/thumbnail/20260812/539d6e5d4a5b3.png
https://cdn.imweb.me/thumbnail/20260812/5667b52b3a03d.png	assets/cdn/thumbnail/20260812/5667b52b3a03d.png
https://cdn.imweb.me/thumbnail/20260812/5b076ae9a30d3.png	assets/cdn/thumbnail/20260812/5b076ae9a30d3.png
https://cdn.imweb.me/thumbnail/20260812/5c6c3d7395a3f.png	assets/cdn/thumbnail/20260812/5c6c3d7395a3f.png
https://cdn.imweb.me/thumbnail/20260812/62b951e97685c.png	assets/cdn/thumbnail/20260812/62b951e97685c.png
https://cdn.imweb.me/thumbnail/20260812/6c82cba830341.png	assets/cdn/thumbnail/20260812/6c82cba830341.png
https://cdn.imweb.me/thumbnail/20260812/6defef6f16bac.png	assets/cdn/thumbnail/20260812/6defef6f16bac.png
https://cdn.imweb.me/thumbnail/20260812/71d06828ad1ea.png	assets/cdn/thumbnail/20260812/71d06828ad1ea.png
https://cdn.imweb.me/thumbnail/20260812/77873167141d8.png	assets/cdn/thumbnail/20260812/77873167141d8.png
https://cdn.imweb.me/thumbnail/20260812/780026915a97f.png	assets/cdn/thumbnail/20260812/780026915a97f.png
https://cdn.imweb.me/thumbnail/20260812/7906e199498dd.png	assets/cdn/thumbnail/20260812/7906e199498dd.png
https://cdn.imweb.me/thumbnail/20260812/7a0e2a9e206a5.png	assets/cdn/thumbnail/20260812/7a0e2a9e206a5.png
https://cdn.imweb.me/thumbnail/20260812/7a385a93383b9.png	assets/cdn/thumbnail/20260812/7a385a93383b9.png
https://cdn.imweb.me/thumbnail/20260812/7c7127686a0c7.png	assets/cdn/thumbnail/20260812/7c7127686a0c7.png
https://cdn.imweb.me/thumbnail/20260812/868e728ee138b.png	assets/cdn/thumbnail/20260812/868e728ee138b.png
https://cdn.imweb.me/thumbnail/20260812/8cfe7dc3c9bab.png	assets/cdn/thumbnail/20260812/8cfe7dc3c9bab.png
https://cdn.imweb.me/thumbnail/20260812/91e54db924c24.png	assets/cdn/thumbnail/20260812/91e54db924c24.png
https://cdn.imweb.me/thumbnail/20260812/94705ba1cb599.png	assets/cdn/thumbnail/20260812/94705ba1cb599.png
https://cdn.imweb.me/thumbnail/20260812/9516ac727e84a.png	assets/cdn/thumbnail/20260812/9516ac727e84a.png
https://cdn.imweb.me/thumbnail/20260812/9efc939373390.png	assets/cdn/thumbnail/20260812/9efc939373390.png
https://cdn.imweb.me/thumbnail/20260812/a408919985246.png	assets/cdn/thumbnail/20260812/a408919985246.png
https://cdn.imweb.me/thumbnail/20260812/ab7353f292fe1.png	assets/cdn/thumbnail/20260812/ab7353f292fe1.png
https://cdn.imweb.me/thumbnail/20260812/ae435b101d1db.png	assets/cdn/thumbnail/20260812/ae435b101d1db.png
https://cdn.imweb.me/thumbnail/20260812/b03b11f132ed0.png	assets/cdn/thumbnail/20260812/b03b11f132ed0.png
https://cdn.imweb.me/thumbnail/20260812/b2a0c19299a21.png	assets/cdn/thumbnail/20260812/b2a0c19299a21.png
https://cdn.imweb.me/thumbnail/20260812/b8c3043b366ac.png	assets/cdn/thumbnail/20260812/b8c3043b366ac.png
https://cdn.imweb.me/thumbnail/20260812/badfb5f6189ef.png	assets/cdn/thumbnail/20260812/badfb5f6189ef.png
https://cdn.imweb.me/thumbnail/20260812/bcf28fc0f25aa.png	assets/cdn/thumbnail/20260812/bcf28fc0f25aa.png
https://cdn.imweb.me/thumbnail/20260812/be3d06f9ccd57.png	assets/cdn/thumbnail/20260812/be3d06f9ccd57.png
https://cdn.imweb.me/thumbnail/20260812/c6f91abb36a91.png	assets/cdn/thumbnail/20260812/c6f91abb36a91.png
https://cdn.imweb.me/thumbnail/20260812/c7e1513dd4a44.png	assets/cdn/thumbnail/20260812/c7e1513dd4a44.png
https://cdn.imweb.me/thumbnail/20260812/cc69e356c685f.png	assets/cdn/thumbnail/20260812/cc69e356c685f.png
https://cdn.imweb.me/thumbnail/20260812/cca5cde7fc8c0.png	assets/cdn/thumbnail/20260812/cca5cde7fc8c0.png
https://cdn.imweb.me/thumbnail/20260812/d261c76c046d3.png	assets/cdn/thumbnail/20260812/d261c76c046d3.png
https://cdn.imweb.me/thumbnail/20260812/d3cd05422b170.png	assets/cdn/thumbnail/20260812/d3cd05422b170.png
https://cdn.imweb.me/thumbnail/20260812/dcb4beaeb1bb1.png	assets/cdn/thumbnail/20260812/dcb4beaeb1bb1.png
https://cdn.imweb.me/thumbnail/20260812/e0d2508ae8286.png	assets/cdn/thumbnail/20260812/e0d2508ae8286.png
https://cdn.imweb.me/thumbnail/20260812/e141eff7d177b.png	assets/cdn/thumbnail/20260812/e141eff7d177b.png
https://cdn.imweb.me/thumbnail/20260812/e351ba5fbc3a2.png	assets/cdn/thumbnail/20260812/e351ba5fbc3a2.png
https://cdn.imweb.me/thumbnail/20260812/f12c331f6535b.png	assets/cdn/thumbnail/20260812/f12c331f6535b.png
https://cdn.imweb.me/thumbnail/20260814/26fa937b78384.png	assets/cdn/thumbnail/20260814/26fa937b78384.png
https://cdn.imweb.me/thumbnail/20260814/289f0f00e8df6.png	assets/cdn/thumbnail/20260814/289f0f00e8df6.png
https://cdn.imweb.me/thumbnail/20260814/43067ad1f0dd7.png	assets/cdn/thumbnail/20260814/43067ad1f0dd7.png
https://cdn.imweb.me/thumbnail/20260815/84001507b06b3.png	assets/cdn/thumbnail/20260815/84001507b06b3.png
https://cdn.imweb.me/upload/S202304252541c673e70ea/0194e188d175a.png	assets/cdn/upload/S202304252541c673e70ea/0194e188d175a.png
https://cdn.imweb.me/upload/S202304252541c673e70ea/0198c724e5302.png	assets/cdn/upload/S202304252541c673e70ea/0198c724e5302.png
https://cdn.imweb.me/upload/S202304252541c673e70ea/02aba3de82c02.png	assets/cdn/upload/S202304252541c673e70ea/02aba3de82c02.png
https://cdn.imweb.me/upload/S202304252541c673e70ea/02e30229ac90b.png	assets/cdn/upload/S202304252541c673e70ea/02e30229ac90b.png
https://cdn.imweb.me/upload/S202304252541c673e70ea/0439980b51f79.png	assets/cdn/upload/S202304252541c673e70ea/0439980b51f79.png
https://cdn.imweb.me/upload/S202304252541c673e70ea/05e4d1dfdf486.png	assets/cdn/upload/S202304252541c673e70ea/05e4d1dfdf486.png
https://cdn.imweb.me/upload/S202304252541c673e70ea/071bdc9dbde6f.png	assets/cdn/upload/S202304252541c673e70ea/071bdc9dbde6f.png
https://cdn.imweb.me/upload/S202304252541c673e70ea/07cb5c38f97a0.png	assets/cdn/upload/S202304252541c673e70ea/07cb5c38f97a0.png
https://cdn.imweb.me/upload/S202304252541c673e70ea/09292f12893f2.jpg	assets/cdn/upload/S202304252541c673e70ea/09292f12893f2.jpg
https://cdn.imweb.me/upload/S202304252541c673e70ea/0bbfb0b3488ac.png	assets/cdn/upload/S202304252541c673e70ea/0bbfb0b3488ac.png
https://cdn.imweb.me/upload/S202304252541c673e70ea/0bebe85604fc8.png	assets/cdn/upload/S202304252541c673e70ea/0bebe85604fc8.png
https://cdn.imweb.me/upload/S202304252541c673e70ea/0dedd67db2f05.png	assets/cdn/upload/S202304252541c673e70ea/0dedd67db2f05.png
https://cdn.imweb.me/upload/S202304252541c673e70ea/0f67fec5381d8.png	assets/cdn/upload/S202304252541c673e70ea/0f67fec5381d8.png
https://cdn.imweb.me/upload/S202304252541c673e70ea/0f884b2bcd1eb.png	assets/cdn/upload/S202304252541c673e70ea/0f884b2bcd1eb.png
https://cdn.imweb.me/upload/S202304252541c673e70ea/102a2fc438245.png	assets/cdn/upload/S202304252541c673e70ea/102a2fc438245.png
https://cdn.imweb.me/upload/S202304252541c673e70ea/1112a36531e11.png	assets/cdn/upload/S202304252541c673e70ea/1112a36531e11.png
https://cdn.imweb.me/upload/S202304252541c673e70ea/113950b57c746.png	assets/cdn/upload/S202304252541c673e70ea/113950b57c746.png
https://cdn.imweb.me/upload/S202304252541c673e70ea/11478a98b8486.png	assets/cdn/upload/S202304252541c673e70ea/11478a98b8486.png
https://cdn.imweb.me/upload/S202304252541c673e70ea/122bccab15dd9.png	assets/cdn/upload/S202304252541c673e70ea/122bccab15dd9.png
https://cdn.imweb.me/upload/S202304252541c673e70ea/1473130771c25.png	assets/cdn/upload/S202304252541c673e70ea/1473130771c25.png
https://cdn.imweb.me/upload/S202304252541c673e70ea/162ac058b5963.png	assets/cdn/upload/S202304252541c673e70ea/162ac058b5963.png
https://cdn.imweb.me/upload/S202304252541c673e70ea/1716f794a051a.png	assets/cdn/upload/S202304252541c673e70ea/1716f794a051a.png
https://cdn.imweb.me/upload/S202304252541c673e70ea/176dd5934cb77.png	assets/cdn/upload/S202304252541c673e70ea/176dd5934cb77.png
https://cdn.imweb.me/upload/S202304252541c673e70ea/1ab4d14e28b0a.png	assets/cdn/upload/S202304252541c673e70ea/1ab4d14e28b0a.png
https://cdn.imweb.me/upload/S202304252541c673e70ea/1b65d266858ec.png	assets/cdn/upload/S202304252541c673e70ea/1b65d266858ec.png
https://cdn.imweb.me/upload/S202304252541c673e70ea/1cfd1b07f5fa2.png	assets/cdn/upload/S202304252541c673e70ea/1cfd1b07f5fa2.png
https://cdn.imweb.me/upload/S202304252541c673e70ea/1e71ebc1ca3ae.ico	assets/cdn/upload/S202304252541c673e70ea/1e71ebc1ca3ae.ico
https://cdn.imweb.me/upload/S202304252541c673e70ea/1f0a469391d91.png	assets/cdn/upload/S202304252541c673e70ea/1f0a469391d91.png
https://cdn.imweb.me/upload/S202304252541c673e70ea/1f47340bc3a81.png	assets/cdn/upload/S202304252541c673e70ea/1f47340bc3a81.png
https://cdn.imweb.me/upload/S202304252541c673e70ea/20d5051d38377.png	assets/cdn/upload/S202304252541c673e70ea/20d5051d38377.png
https://cdn.imweb.me/upload/S202304252541c673e70ea/23001c1be28d5.png	assets/cdn/upload/S202304252541c673e70ea/23001c1be28d5.png
https://cdn.imweb.me/upload/S202304252541c673e70ea/231262c08df1d.png	assets/cdn/upload/S202304252541c673e70ea/231262c08df1d.png
https://cdn.imweb.me/upload/S202304252541c673e70ea/24416f0be1509.png	assets/cdn/upload/S202304252541c673e70ea/24416f0be1509.png
https://cdn.imweb.me/upload/S202304252541c673e70ea/247d037506110.png	assets/cdn/upload/S202304252541c673e70ea/247d037506110.png
https://cdn.imweb.me/upload/S202304252541c673e70ea/2586de6d127ff.png	assets/cdn/upload/S202304252541c673e70ea/2586de6d127ff.png
https://cdn.imweb.me/upload/S202304252541c673e70ea/266ca84275dc0.png	assets/cdn/upload/S202304252541c673e70ea/266ca84275dc0.png
https://cdn.imweb.me/upload/S202304252541c673e70ea/272dbb9b14ed0.png	assets/cdn/upload/S202304252541c673e70ea/272dbb9b14ed0.png
https://cdn.imweb.me/upload/S202304252541c673e70ea/283b27c105c69.png	assets/cdn/upload/S202304252541c673e70ea/283b27c105c69.png
https://cdn.imweb.me/upload/S202304252541c673e70ea/2c5d092aa97e5.png	assets/cdn/upload/S202304252541c673e70ea/2c5d092aa97e5.png
https://cdn.imweb.me/upload/S202304252541c673e70ea/301db3aacc12b.png	assets/cdn/upload/S202304252541c673e70ea/301db3aacc12b.png
https://cdn.imweb.me/upload/S202304252541c673e70ea/333f7cd764e9b.png	assets/cdn/upload/S202304252541c673e70ea/333f7cd764e9b.png
https://cdn.imweb.me/upload/S202304252541c673e70ea/33461eaa51b8c.png	assets/cdn/upload/S202304252541c673e70ea/33461eaa51b8c.png
https://cdn.imweb.me/upload/S202304252541c673e70ea/33b8abf132838.png	assets/cdn/upload/S202304252541c673e70ea/33b8abf132838.png
https://cdn.imweb.me/upload/S202304252541c673e70ea/353486f5be13e.png	assets/cdn/upload/S202304252541c673e70ea/353486f5be13e.png
https://cdn.imweb.me/upload/S202304252541c673e70ea/368807031dc3c.png	assets/cdn/upload/S202304252541c673e70ea/368807031dc3c.png
https://cdn.imweb.me/upload/S202304252541c673e70ea/37ddaa63583c4.png	assets/cdn/upload/S202304252541c673e70ea/37ddaa63583c4.png
https://cdn.imweb.me/upload/S202304252541c673e70ea/380bae54c7817.png	assets/cdn/upload/S202304252541c673e70ea/380bae54c7817.png
https://cdn.imweb.me/upload/S202304252541c673e70ea/3a15a56a67695.png	assets/cdn/upload/S202304252541c673e70ea/3a15a56a67695.png
https://cdn.imweb.me/upload/S202304252541c673e70ea/3ae775ad0cb4c.png	assets/cdn/upload/S202304252541c673e70ea/3ae775ad0cb4c.png
https://cdn.imweb.me/upload/S202304252541c673e70ea/3c712a16b0082.png	assets/cdn/upload/S202304252541c673e70ea/3c712a16b0082.png
https://cdn.imweb.me/upload/S202304252541c673e70ea/3cac572fb00c4.png	assets/cdn/upload/S202304252541c673e70ea/3cac572fb00c4.png
https://cdn.imweb.me/upload/S202304252541c673e70ea/3db42425baf0d.png	assets/cdn/upload/S202304252541c673e70ea/3db42425baf0d.png
https://cdn.imweb.me/upload/S202304252541c673e70ea/3e0cd6782b241.png	assets/cdn/upload/S202304252541c673e70ea/3e0cd6782b241.png
https://cdn.imweb.me/upload/S202304252541c673e70ea/3ee69523c2b53.png	assets/cdn/upload/S202304252541c673e70ea/3ee69523c2b53.png
https://cdn.imweb.me/upload/S202304252541c673e70ea/3f44627803289.png	assets/cdn/upload/S202304252541c673e70ea/3f44627803289.png
https://cdn.imweb.me/upload/S202304252541c673e70ea/43042cf354980.png	assets/cdn/upload/S202304252541c673e70ea/43042cf354980.png
https://cdn.imweb.me/upload/S202304252541c673e70ea/448dc037a8afd.png	assets/cdn/upload/S202304252541c673e70ea/448dc037a8afd.png
https://cdn.imweb.me/upload/S202304252541c673e70ea/474fa8237f16c.png	assets/cdn/upload/S202304252541c673e70ea/474fa8237f16c.png
https://cdn.imweb.me/upload/S202304252541c673e70ea/477a89a773e43.png	assets/cdn/upload/S202304252541c673e70ea/477a89a773e43.png
https://cdn.imweb.me/upload/S202304252541c673e70ea/482a47fde55e1.png	assets/cdn/upload/S202304252541c673e70ea/482a47fde55e1.png
https://cdn.imweb.me/upload/S202304252541c673e70ea/4b28ba269182f.png	assets/cdn/upload/S202304252541c673e70ea/4b28ba269182f.png
https://cdn.imweb.me/upload/S202304252541c673e70ea/4b516c60952a9.png	assets/cdn/upload/S202304252541c673e70ea/4b516c60952a9.png
https://cdn.imweb.me/upload/S202304252541c673e70ea/4b79626932dfa.png	assets/cdn/upload/S202304252541c673e70ea/4b79626932dfa.png
https://cdn.imweb.me/upload/S202304252541c673e70ea/4bfcfa1c2dbf4.png	assets/cdn/upload/S202304252541c673e70ea/4bfcfa1c2dbf4.png
https://cdn.imweb.me/upload/S202304252541c673e70ea/4f004b0ce7de5.png	assets/cdn/upload/S202304252541c673e70ea/4f004b0ce7de5.png
https://cdn.imweb.me/upload/S202304252541c673e70ea/50e8d40f27aa1.png	assets/cdn/upload/S202304252541c673e70ea/50e8d40f27aa1.png
https://cdn.imweb.me/upload/S202304252541c673e70ea/52b39446c67d0.png	assets/cdn/upload/S202304252541c673e70ea/52b39446c67d0.png
https://cdn.imweb.me/upload/S202304252541c673e70ea/55d4d7e680fc8.png	assets/cdn/upload/S202304252541c673e70ea/55d4d7e680fc8.png
https://cdn.imweb.me/upload/S202304252541c673e70ea/584d1ba968714.png	assets/cdn/upload/S202304252541c673e70ea/584d1ba968714.png
https://cdn.imweb.me/upload/S202304252541c673e70ea/5b122e9e1cf7d.png	assets/cdn/upload/S202304252541c673e70ea/5b122e9e1cf7d.png
https://cdn.imweb.me/upload/S202304252541c673e70ea/5e02ef8fa4a3e.png	assets/cdn/upload/S202304252541c673e70ea/5e02ef8fa4a3e.png
https://cdn.imweb.me/upload/S202304252541c673e70ea/5e88ea7fd1bf1.png	assets/cdn/upload/S202304252541c673e70ea/5e88ea7fd1bf1.png
https://cdn.imweb.me/upload/S202304252541c673e70ea/5f349d1d9a5de.png	assets/cdn/upload/S202304252541c673e70ea/5f349d1d9a5de.png
https://cdn.imweb.me/upload/S202304252541c673e70ea/628b6929df702.png	assets/cdn/upload/S202304252541c673e70ea/628b6929df702.png
https://cdn.imweb.me/upload/S202304252541c673e70ea/656bb802e66c1.png	assets/cdn/upload/S202304252541c673e70ea/656bb802e66c1.png
https://cdn.imweb.me/upload/S202304252541c673e70ea/6b0488a57fbc3.png	assets/cdn/upload/S202304252541c673e70ea/6b0488a57fbc3.png
https://cdn.imweb.me/upload/S202304252541c673e70ea/6d139b3baf70a.png	assets/cdn/upload/S202304252541c673e70ea/6d139b3baf70a.png
https://cdn.imweb.me/upload/S202304252541c673e70ea/6f28a8091a68d.png	assets/cdn/upload/S202304252541c673e70ea/6f28a8091a68d.png
https://cdn.imweb.me/upload/S202304252541c673e70ea/708bebdf09453.png	assets/cdn/upload/S202304252541c673e70ea/708bebdf09453.png
https://cdn.imweb.me/upload/S202304252541c673e70ea/71a43f84e4943.png	assets/cdn/upload/S202304252541c673e70ea/71a43f84e4943.png
https://cdn.imweb.me/upload/S202304252541c673e70ea/735e4985cb252.jpg	assets/cdn/upload/S202304252541c673e70ea/735e4985cb252.jpg
https://cdn.imweb.me/upload/S202304252541c673e70ea/741e676e78572.png	assets/cdn/upload/S202304252541c673e70ea/741e676e78572.png
https://cdn.imweb.me/upload/S202304252541c673e70ea/766b906583409.png	assets/cdn/upload/S202304252541c673e70ea/766b906583409.png
https://cdn.imweb.me/upload/S202304252541c673e70ea/7c82278011e3c.png	assets/cdn/upload/S202304252541c673e70ea/7c82278011e3c.png
https://cdn.imweb.me/upload/S202304252541c673e70ea/7d78e13837759.png	assets/cdn/upload/S202304252541c673e70ea/7d78e13837759.png
https://cdn.imweb.me/upload/S202304252541c673e70ea/7f2cb55533062.png	assets/cdn/upload/S202304252541c673e70ea/7f2cb55533062.png
https://cdn.imweb.me/upload/S202304252541c673e70ea/82613746c19c4.jpg	assets/cdn/upload/S202304252541c673e70ea/82613746c19c4.jpg
https://cdn.imweb.me/upload/S202304252541c673e70ea/832e79551788b.png	assets/cdn/upload/S202304252541c673e70ea/832e79551788b.png
https://cdn.imweb.me/upload/S202304252541c673e70ea/850ff9895631f.png	assets/cdn/upload/S202304252541c673e70ea/850ff9895631f.png
https://cdn.imweb.me/upload/S202304252541c673e70ea/8531e05a1b7af.png	assets/cdn/upload/S202304252541c673e70ea/8531e05a1b7af.png
https://cdn.imweb.me/upload/S202304252541c673e70ea/85c4306b1b5b7.png	assets/cdn/upload/S202304252541c673e70ea/85c4306b1b5b7.png
https://cdn.imweb.me/upload/S202304252541c673e70ea/89c20d22a5429.png	assets/cdn/upload/S202304252541c673e70ea/89c20d22a5429.png
https://cdn.imweb.me/upload/S202304252541c673e70ea/8a49005c4eb51.png	assets/cdn/upload/S202304252541c673e70ea/8a49005c4eb51.png
https://cdn.imweb.me/upload/S202304252541c673e70ea/8b6316fc75c70.png	assets/cdn/upload/S202304252541c673e70ea/8b6316fc75c70.png
https://cdn.imweb.me/upload/S202304252541c673e70ea/8c24df2b4f8e1.png	assets/cdn/upload/S202304252541c673e70ea/8c24df2b4f8e1.png
https://cdn.imweb.me/upload/S202304252541c673e70ea/8c57a052a3ffd.png	assets/cdn/upload/S202304252541c673e70ea/8c57a052a3ffd.png
https://cdn.imweb.me/upload/S202304252541c673e70ea/8ceecdcfebd4f.png	assets/cdn/upload/S202304252541c673e70ea/8ceecdcfebd4f.png
https://cdn.imweb.me/upload/S202304252541c673e70ea/8cef1c6e1d429.png	assets/cdn/upload/S202304252541c673e70ea/8cef1c6e1d429.png
https://cdn.imweb.me/upload/S202304252541c673e70ea/8d0cb4a4c1a1d.png	assets/cdn/upload/S202304252541c673e70ea/8d0cb4a4c1a1d.png
https://cdn.imweb.me/upload/S202304252541c673e70ea/92bc7cfb3c95e.png	assets/cdn/upload/S202304252541c673e70ea/92bc7cfb3c95e.png
https://cdn.imweb.me/upload/S202304252541c673e70ea/9373ebfa1a5a8.png	assets/cdn/upload/S202304252541c673e70ea/9373ebfa1a5a8.png
https://cdn.imweb.me/upload/S202304252541c673e70ea/960dcad199a33.png	assets/cdn/upload/S202304252541c673e70ea/960dcad199a33.png
https://cdn.imweb.me/upload/S202304252541c673e70ea/969d2dc5f951e.png	assets/cdn/upload/S202304252541c673e70ea/969d2dc5f951e.png
https://cdn.imweb.me/upload/S202304252541c673e70ea/97255ea341ea6.png	assets/cdn/upload/S202304252541c673e70ea/97255ea341ea6.png
https://cdn.imweb.me/upload/S202304252541c673e70ea/9888631e3e505.png	assets/cdn/upload/S202304252541c673e70ea/9888631e3e505.png
https://cdn.imweb.me/upload/S202304252541c673e70ea/99450f41cf646.png	assets/cdn/upload/S202304252541c673e70ea/99450f41cf646.png
https://cdn.imweb.me/upload/S202304252541c673e70ea/9949bbd3ba054.png	assets/cdn/upload/S202304252541c673e70ea/9949bbd3ba054.png
https://cdn.imweb.me/upload/S202304252541c673e70ea/9b32cee9af4d1.png	assets/cdn/upload/S202304252541c673e70ea/9b32cee9af4d1.png
https://cdn.imweb.me/upload/S202304252541c673e70ea/9b596a6f41ee1.png	assets/cdn/upload/S202304252541c673e70ea/9b596a6f41ee1.png
https://cdn.imweb.me/upload/S202304252541c673e70ea/9bd4630c01381.png	assets/cdn/upload/S202304252541c673e70ea/9bd4630c01381.png
https://cdn.imweb.me/upload/S202304252541c673e70ea/9c72660f7132d.png	assets/cdn/upload/S202304252541c673e70ea/9c72660f7132d.png
https://cdn.imweb.me/upload/S202304252541c673e70ea/9d1c963c7eca6.png	assets/cdn/upload/S202304252541c673e70ea/9d1c963c7eca6.png
https://cdn.imweb.me/upload/S202304252541c673e70ea/9d4a8c05f29c2.png	assets/cdn/upload/S202304252541c673e70ea/9d4a8c05f29c2.png
https://cdn.imweb.me/upload/S202304252541c673e70ea/9d5e603f3b8ae.png	assets/cdn/upload/S202304252541c673e70ea/9d5e603f3b8ae.png
https://cdn.imweb.me/upload/S202304252541c673e70ea/9f9fdea9967f6.png	assets/cdn/upload/S202304252541c673e70ea/9f9fdea9967f6.png
https://cdn.imweb.me/upload/S202304252541c673e70ea/a13382dc15ff3.png	assets/cdn/upload/S202304252541c673e70ea/a13382dc15ff3.png
https://cdn.imweb.me/upload/S202304252541c673e70ea/a1b5c26318166.png	assets/cdn/upload/S202304252541c673e70ea/a1b5c26318166.png
https://cdn.imweb.me/upload/S202304252541c673e70ea/a37cb162e9099.png	assets/cdn/upload/S202304252541c673e70ea/a37cb162e9099.png
https://cdn.imweb.me/upload/S202304252541c673e70ea/a47480341931a.png	assets/cdn/upload/S202304252541c673e70ea/a47480341931a.png
https://cdn.imweb.me/upload/S202304252541c673e70ea/a8efb5c4023ee.png	assets/cdn/upload/S202304252541c673e70ea/a8efb5c4023ee.png
https://cdn.imweb.me/upload/S202304252541c673e70ea/ab79d9db5bb71.png	assets/cdn/upload/S202304252541c673e70ea/ab79d9db5bb71.png
https://cdn.imweb.me/upload/S202304252541c673e70ea/ac795562e3e0a.png	assets/cdn/upload/S202304252541c673e70ea/ac795562e3e0a.png
https://cdn.imweb.me/upload/S202304252541c673e70ea/aea6bd70b6eeb.png	assets/cdn/upload/S202304252541c673e70ea/aea6bd70b6eeb.png
https://cdn.imweb.me/upload/S202304252541c673e70ea/b0993a7151f9b.png	assets/cdn/upload/S202304252541c673e70ea/b0993a7151f9b.png
https://cdn.imweb.me/upload/S202304252541c673e70ea/b1f230ea21f51.png	assets/cdn/upload/S202304252541c673e70ea/b1f230ea21f51.png
https://cdn.imweb.me/upload/S202304252541c673e70ea/b2fc1801e69d1.png	assets/cdn/upload/S202304252541c673e70ea/b2fc1801e69d1.png
https://cdn.imweb.me/upload/S202304252541c673e70ea/b3db937d4b0bf.jpg	assets/cdn/upload/S202304252541c673e70ea/b3db937d4b0bf.jpg
https://cdn.imweb.me/upload/S202304252541c673e70ea/b4e265f35e26e.png	assets/cdn/upload/S202304252541c673e70ea/b4e265f35e26e.png
https://cdn.imweb.me/upload/S202304252541c673e70ea/b52ade90d23e2.png	assets/cdn/upload/S202304252541c673e70ea/b52ade90d23e2.png
https://cdn.imweb.me/upload/S202304252541c673e70ea/b6b205d450a4f.png	assets/cdn/upload/S202304252541c673e70ea/b6b205d450a4f.png
https://cdn.imweb.me/upload/S202304252541c673e70ea/ba4b827584097.png	assets/cdn/upload/S202304252541c673e70ea/ba4b827584097.png
https://cdn.imweb.me/upload/S202304252541c673e70ea/bb25814c56d28.png	assets/cdn/upload/S202304252541c673e70ea/bb25814c56d28.png
https://cdn.imweb.me/upload/S202304252541c673e70ea/bb2a6c313c195.png	assets/cdn/upload/S202304252541c673e70ea/bb2a6c313c195.png
https://cdn.imweb.me/upload/S202304252541c673e70ea/bcdda4e2045e7.png	assets/cdn/upload/S202304252541c673e70ea/bcdda4e2045e7.png
https://cdn.imweb.me/upload/S202304252541c673e70ea/be55c263229d7.png	assets/cdn/upload/S202304252541c673e70ea/be55c263229d7.png
https://cdn.imweb.me/upload/S202304252541c673e70ea/be9cbe7319001.png	assets/cdn/upload/S202304252541c673e70ea/be9cbe7319001.png
https://cdn.imweb.me/upload/S202304252541c673e70ea/bea1d89b86902.png	assets/cdn/upload/S202304252541c673e70ea/bea1d89b86902.png
https://cdn.imweb.me/upload/S202304252541c673e70ea/c2c7dd34485c4.png	assets/cdn/upload/S202304252541c673e70ea/c2c7dd34485c4.png
https://cdn.imweb.me/upload/S202304252541c673e70ea/c4d3fb54e134b.png	assets/cdn/upload/S202304252541c673e70ea/c4d3fb54e134b.png
https://cdn.imweb.me/upload/S202304252541c673e70ea/c7fc0442dd7d2.png	assets/cdn/upload/S202304252541c673e70ea/c7fc0442dd7d2.png
https://cdn.imweb.me/upload/S202304252541c673e70ea/c888dbd059092.png	assets/cdn/upload/S202304252541c673e70ea/c888dbd059092.png
https://cdn.imweb.me/upload/S202304252541c673e70ea/ca343fa54a44b.png	assets/cdn/upload/S202304252541c673e70ea/ca343fa54a44b.png
https://cdn.imweb.me/upload/S202304252541c673e70ea/cb0f261711337.png	assets/cdn/upload/S202304252541c673e70ea/cb0f261711337.png
https://cdn.imweb.me/upload/S202304252541c673e70ea/cc0918316a34c.png	assets/cdn/upload/S202304252541c673e70ea/cc0918316a34c.png
https://cdn.imweb.me/upload/S202304252541c673e70ea/cc0c68a4310d8.png	assets/cdn/upload/S202304252541c673e70ea/cc0c68a4310d8.png
https://cdn.imweb.me/upload/S202304252541c673e70ea/ccfc77945e32b.png	assets/cdn/upload/S202304252541c673e70ea/ccfc77945e32b.png
https://cdn.imweb.me/upload/S202304252541c673e70ea/ce83cd2f89b71.png	assets/cdn/upload/S202304252541c673e70ea/ce83cd2f89b71.png
https://cdn.imweb.me/upload/S202304252541c673e70ea/d036a51b4102a.png	assets/cdn/upload/S202304252541c673e70ea/d036a51b4102a.png
https://cdn.imweb.me/upload/S202304252541c673e70ea/d27fdaaf9c92f.png	assets/cdn/upload/S202304252541c673e70ea/d27fdaaf9c92f.png
https://cdn.imweb.me/upload/S202304252541c673e70ea/d308074687fd6.png	assets/cdn/upload/S202304252541c673e70ea/d308074687fd6.png
https://cdn.imweb.me/upload/S202304252541c673e70ea/d3aab1ae2697c.png	assets/cdn/upload/S202304252541c673e70ea/d3aab1ae2697c.png
https://cdn.imweb.me/upload/S202304252541c673e70ea/d4cbf0dbba3d7.png	assets/cdn/upload/S202304252541c673e70ea/d4cbf0dbba3d7.png
https://cdn.imweb.me/upload/S202304252541c673e70ea/d62bb9081cd63.png	assets/cdn/upload/S202304252541c673e70ea/d62bb9081cd63.png
https://cdn.imweb.me/upload/S202304252541c673e70ea/d7b1fb6cacad9.png	assets/cdn/upload/S202304252541c673e70ea/d7b1fb6cacad9.png
https://cdn.imweb.me/upload/S202304252541c673e70ea/d7f750d58828b.png	assets/cdn/upload/S202304252541c673e70ea/d7f750d58828b.png
https://cdn.imweb.me/upload/S202304252541c673e70ea/d8e42c9d66cc4.png	assets/cdn/upload/S202304252541c673e70ea/d8e42c9d66cc4.png
https://cdn.imweb.me/upload/S202304252541c673e70ea/d9462ed8edf28.png	assets/cdn/upload/S202304252541c673e70ea/d9462ed8edf28.png
https://cdn.imweb.me/upload/S202304252541c673e70ea/db86f06299414.png	assets/cdn/upload/S202304252541c673e70ea/db86f06299414.png
https://cdn.imweb.me/upload/S202304252541c673e70ea/ddbcac92df92f.png	assets/cdn/upload/S202304252541c673e70ea/ddbcac92df92f.png
https://cdn.imweb.me/upload/S202304252541c673e70ea/dddf10448b57c.png	assets/cdn/upload/S202304252541c673e70ea/dddf10448b57c.png
https://cdn.imweb.me/upload/S202304252541c673e70ea/e0858a42a3742.png	assets/cdn/upload/S202304252541c673e70ea/e0858a42a3742.png
https://cdn.imweb.me/upload/S202304252541c673e70ea/e0ed8adb64893.png	assets/cdn/upload/S202304252541c673e70ea/e0ed8adb64893.png
https://cdn.imweb.me/upload/S202304252541c673e70ea/e3482081a14f3.png	assets/cdn/upload/S202304252541c673e70ea/e3482081a14f3.png
https://cdn.imweb.me/upload/S202304252541c673e70ea/e36e03f0ac842.png	assets/cdn/upload/S202304252541c673e70ea/e36e03f0ac842.png
https://cdn.imweb.me/upload/S202304252541c673e70ea/e3e3b4a5dad78.png	assets/cdn/upload/S202304252541c673e70ea/e3e3b4a5dad78.png
https://cdn.imweb.me/upload/S202304252541c673e70ea/e675dce1fd443.png	assets/cdn/upload/S202304252541c673e70ea/e675dce1fd443.png
https://cdn.imweb.me/upload/S202304252541c673e70ea/e7b3e627c795a.png	assets/cdn/upload/S202304252541c673e70ea/e7b3e627c795a.png
https://cdn.imweb.me/upload/S202304252541c673e70ea/e8490b2c7a3b4.png	assets/cdn/upload/S202304252541c673e70ea/e8490b2c7a3b4.png
https://cdn.imweb.me/upload/S202304252541c673e70ea/ea823f5479cd1.png	assets/cdn/upload/S202304252541c673e70ea/ea823f5479cd1.png
https://cdn.imweb.me/upload/S202304252541c673e70ea/eb09835c18cef.png	assets/cdn/upload/S202304252541c673e70ea/eb09835c18cef.png
https://cdn.imweb.me/upload/S202304252541c673e70ea/eb596720c7fa4.jpg	assets/cdn/upload/S202304252541c673e70ea/eb596720c7fa4.jpg
https://cdn.imweb.me/upload/S202304252541c673e70ea/eec099a86128b.png	assets/cdn/upload/S202304252541c673e70ea/eec099a86128b.png
https://cdn.imweb.me/upload/S202304252541c673e70ea/f083c6804322d.png	assets/cdn/upload/S202304252541c673e70ea/f083c6804322d.png
https://cdn.imweb.me/upload/S202304252541c673e70ea/f1d3f4fe8dfd9.png	assets/cdn/upload/S202304252541c673e70ea/f1d3f4fe8dfd9.png
https://cdn.imweb.me/upload/S202304252541c673e70ea/f35f4468cad2f.png	assets/cdn/upload/S202304252541c673e70ea/f35f4468cad2f.png
https://cdn.imweb.me/upload/S202304252541c673e70ea/f41a28314f81a.jpg	assets/cdn/upload/S202304252541c673e70ea/f41a28314f81a.jpg
https://cdn.imweb.me/upload/S202304252541c673e70ea/f4fd44e5a34e3.png	assets/cdn/upload/S202304252541c673e70ea/f4fd44e5a34e3.png
https://cdn.imweb.me/upload/S202304252541c673e70ea/f55cd6c5408e8.png	assets/cdn/upload/S202304252541c673e70ea/f55cd6c5408e8.png
https://cdn.imweb.me/upload/S202304252541c673e70ea/f6fae16c0b213.png	assets/cdn/upload/S202304252541c673e70ea/f6fae16c0b213.png
https://cdn.imweb.me/upload/S202304252541c673e70ea/f74c8a2df0e51.png	assets/cdn/upload/S202304252541c673e70ea/f74c8a2df0e51.png
https://cdn.imweb.me/upload/S202304252541c673e70ea/f82d267e5e975.png	assets/cdn/upload/S202304252541c673e70ea/f82d267e5e975.png
https://cdn.imweb.me/upload/S202304252541c673e70ea/fb99283a5c418.png	assets/cdn/upload/S202304252541c673e70ea/fb99283a5c418.png
https://cdn.imweb.me/upload/S202304252541c673e70ea/fbc5de5d42ff0.png	assets/cdn/upload/S202304252541c673e70ea/fbc5de5d42ff0.png
https://cdn.imweb.me/upload/S202304252541c673e70ea/fe39dc2a2be89.png	assets/cdn/upload/S202304252541c673e70ea/fe39dc2a2be89.png
https://scontent-nrt1-1.cdninstagram.com/v/t51.82787-15/653961014_18040941869746239_6148155788298166424_n.webp?stp=dst-jpg_e35_tt6&_nc_cat=109&ccb=7-5&_nc_sid=18de74&efg=eyJlZmdfdGFnIjoiQ0FST1VTRUxfSVRFTS5iZXN0X2ltYWdlX3VybGdlbi5DMyJ9&_nc_ohc=uDP2ySetcfgQ7kNvwGwZ7iQ&_nc_oc=AdofqZIqKhhZp9FymM7_I4NunZCIORGah4ZofOeJlftGfdqR5NpE-MWjoA7HcJ1aDOg&_nc_zt=23&_nc_ht=scontent-nrt1-1.cdninstagram.com&edm=ANo9K5cEAAAA&_nc_gid=S3zZFlhkfawK2TDZ6MAOMA&_nc_tpa=Q5bMBQKMm8brcnaEJR16pAnyRpQaTgVgF5zjyuA73zc41TISHANy5oPxvqrnvmPyorcaHgoCyKR0ex96rw&oh=00_AQI68X_IyQE-YC_lhuJFLFg7h26h_7hHU_qxklJ7Cl1n-w&oe=6A9C1528	assets/insta/73f4e60a4fc5ee15.jpg
https://scontent-nrt1-1.cdninstagram.com/v/t51.82787-15/688368750_18048151886746239_5212268055223815465_n.webp?stp=dst-jpg_e35_tt6&_nc_cat=108&ccb=7-5&_nc_sid=18de74&efg=eyJlZmdfdGFnIjoiRkVFRC5iZXN0X2ltYWdlX3VybGdlbi5DMyJ9&_nc_ohc=kO8_Xc45phgQ7kNvwFxX651&_nc_oc=Ado761pQWIclNYp5zXaLzGpRik2Q-a9iJz4cPH5HiD8GLgm5NLJ3ZSB5dMXPw3_LLro&_nc_zt=23&_nc_ht=scontent-nrt1-1.cdninstagram.com&edm=ANo9K5cEAAAA&_nc_gid=S3zZFlhkfawK2TDZ6MAOMA&_nc_tpa=Q5bMBQLgsCIN-pC3pto4rvIgy6rOGgARSCyjxOZ0tqPHtLGVjM_RwlpTrvgqHpksBX_dGrSfePdhFPmGgw&oh=00_AQKlFXqDlziHng00X8hCTsQIXD6d19nYIYCTqpozZHYfRQ&oe=6A9C213C	assets/insta/1dfac5155e50e0b2.jpg
https://scontent-nrt1-1.cdninstagram.com/v/t51.82787-15/720408182_18052265789746239_1809501433967495264_n.webp?stp=dst-jpg_e35_tt6&_nc_cat=109&ccb=7-5&_nc_sid=18de74&efg=eyJlZmdfdGFnIjoiQ0FST1VTRUxfSVRFTS5iZXN0X2ltYWdlX3VybGdlbi5DMyJ9&_nc_ohc=pG8IU9neFbsQ7kNvwELwXcB&_nc_oc=Adoh_uFDZKRHnisEZbinrT28f6BGrQCvnZsBoyJCweFxbSYccPejIFPNMCqYvJOSdyM&_nc_zt=23&_nc_ht=scontent-nrt1-1.cdninstagram.com&edm=ANo9K5cEAAAA&_nc_gid=S3zZFlhkfawK2TDZ6MAOMA&_nc_tpa=Q5bMBQJK5Nz4RV329N5PgAQgkFmsarpMnMwHxcCCmMctMvj_wl21fI2DimmLoUa8WJ7EO4kpbmtRRR4YpA&oh=00_AQIO5xgqdqqsSqwYsyjVFAbguvboyVHs2QBBlgHbOnq5eQ&oe=6A9C2510	assets/insta/f9e4cfff1e9dd7f0.jpg
https://scontent-nrt1-1.cdninstagram.com/v/t51.82787-15/728833591_18055253588746239_8580502794370849933_n.jpg?stp=dst-jpg_e35_tt6&_nc_cat=103&ccb=7-5&_nc_sid=18de74&efg=eyJlZmdfdGFnIjoiQ0xJUFMuYmVzdF9pbWFnZV91cmxnZW4uQzMifQ%3D%3D&_nc_ohc=5EHTUtaZOZwQ7kNvwGDEC6_&_nc_oc=Adqk01ZXp4GRt28FLeQm8iobenk4BCGChyIc4vUgKoiT2abUgpI6VdQXWRGZK3AmzU0&_nc_zt=23&_nc_ht=scontent-nrt1-1.cdninstagram.com&edm=ANo9K5cEAAAA&_nc_gid=S3zZFlhkfawK2TDZ6MAOMA&_nc_tpa=Q5bMBQI9Y7uVlHy2l27nsRhBxd85SlCEOKmgwgYvDROwyzG1aiLFkJRCQFV1g5U514xfjEu0a5ijbGTCmA&oh=00_AQI_owJqa3HEMPcR_PP2Jve9OqH4vGNebnkImsu1VkS_Xg&oe=6A9C20C5	assets/insta/41fc5a2bea2b9c2c.jpg
https://scontent-nrt1-1.cdninstagram.com/v/t51.82787-15/746327353_18057361514746239_389310874369039354_n.webp?stp=dst-jpg_e35_tt6&_nc_cat=109&ccb=7-5&_nc_sid=18de74&efg=eyJlZmdfdGFnIjoiRkVFRC5iZXN0X2ltYWdlX3VybGdlbi5DMyJ9&_nc_ohc=TCe7kowyHQYQ7kNvwHFZv09&_nc_oc=Adrvbyp2ITjN80iHqyfXL3OCcJ8D68ROdwP_uTmY8QGQKvPO1agG-B5z2bF9WcqUd2k&_nc_zt=23&_nc_ht=scontent-nrt1-1.cdninstagram.com&edm=ANo9K5cEAAAA&_nc_gid=S3zZFlhkfawK2TDZ6MAOMA&_nc_tpa=Q5bMBQIHvlJ4ERP23ddSnZwdKj_gbFII-eNVTuiEnZxHdGpOFKG7bUa7ElpFEmNl2SPcr57eJrPc3kg75w&oh=00_AQJXj2aolhT10FK-QyqpzXzBCGGuCvIePCSMSd4INhvsIg&oe=6A9BFB12	assets/insta/c5452ea3fa8620cb.jpg
https://scontent-nrt1-2.cdninstagram.com/v/t51.71878-15/683040498_1663633331611398_5816024303213929523_n.jpg?stp=dst-jpg_e35_tt6&_nc_cat=102&ccb=7-5&_nc_sid=18de74&efg=eyJlZmdfdGFnIjoiQ0xJUFMuYmVzdF9pbWFnZV91cmxnZW4uQzMifQ%3D%3D&_nc_ohc=h6-McfikxxMQ7kNvwE4HC_K&_nc_oc=Adqguq16jnlTEfhsOtMBrpmeNlotQjvvPRPpY8kZOLu-MeiPYeFI9kSB5VU4Q9GralY&_nc_zt=23&_nc_ht=scontent-nrt1-2.cdninstagram.com&edm=ANo9K5cEAAAA&_nc_gid=S3zZFlhkfawK2TDZ6MAOMA&_nc_tpa=Q5bMBQJe-LhcA7pDzU0d-rA5iO9H65VNIjsOglUdRV9wiepPrCD2pa5fxFiAwqWwNv0AX4kNOntsyc6GvA&oh=00_AQLXVDQoqnLp7zXxiQRVcW6rCxKddUr1coG_eH6rdergHg&oe=6A9C0674	assets/insta/6e8a5a2720758aaa.jpg
https://scontent-nrt1-2.cdninstagram.com/v/t51.82787-15/652801259_18040657631746239_5640632769822876951_n.webp?stp=dst-jpg_e35_tt6&_nc_cat=101&ccb=7-5&_nc_sid=18de74&efg=eyJlZmdfdGFnIjoiQ0FST1VTRUxfSVRFTS5iZXN0X2ltYWdlX3VybGdlbi5DMyJ9&_nc_ohc=4P_g6lUA_68Q7kNvwEuUTO2&_nc_oc=AdqPutgb2CuIpL5jYcQ7RJwPO7T3Qtko8SDtRkL19PecCJapm_mudixnMEUlJVhWnaU&_nc_zt=23&_nc_ht=scontent-nrt1-2.cdninstagram.com&edm=ANo9K5cEAAAA&_nc_gid=S3zZFlhkfawK2TDZ6MAOMA&_nc_tpa=Q5bMBQJEHzDmBJ1HNKmbMDGN1URr73_DBTO37J00lY9fZw-Lkl07I45yn_2X_gciv2mTjYzuwd9A0oAljg&oh=00_AQLS_nJ7HWvCOqbOPNgA0pHvzpdn4H6JsZ1dsOMTuWPjDw&oe=6A9C0731	assets/insta/62c48e48e0e3c600.jpg
https://scontent-nrt1-2.cdninstagram.com/v/t51.82787-15/656202839_18041661623746239_4507995065986777780_n.jpg?stp=dst-jpg_e35_tt6&_nc_cat=101&ccb=7-5&_nc_sid=18de74&efg=eyJlZmdfdGFnIjoiQ0xJUFMuYmVzdF9pbWFnZV91cmxnZW4uQzMifQ%3D%3D&_nc_ohc=1i7UXJizuaoQ7kNvwGJQ9KP&_nc_oc=AdrNOsbcJMncNZ5-UDDBcfngYBPTHXJickxpFbp1ZLZS7xVyJ_ytZBh142Ayd2ilQdg&_nc_zt=23&_nc_ht=scontent-nrt1-2.cdninstagram.com&edm=ANo9K5cEAAAA&_nc_gid=S3zZFlhkfawK2TDZ6MAOMA&_nc_tpa=Q5bMBQJk9j_9Ab6vdZ2KOM0QFrkwNSgPZKNZWKM5Y_6jD9Bx14CS_L1vUNFdQSiGD5q1uaNhmO86tspZvQ&oh=00_AQIbwr1Qr9MDugi1OLHYCf0o3vznvzW32ZIXm4q6uBMjiw&oe=6A9C19E3	assets/insta/183c334995eee0eb.jpg
https://scontent-nrt1-2.cdninstagram.com/v/t51.82787-15/658374833_18042621260746239_8426828674637669793_n.jpg?stp=dst-jpg_e35_tt6&_nc_cat=104&ccb=7-5&_nc_sid=18de74&efg=eyJlZmdfdGFnIjoiQ0xJUFMuYmVzdF9pbWFnZV91cmxnZW4uQzMifQ%3D%3D&_nc_ohc=MbnFLOU9JdQQ7kNvwGH732_&_nc_oc=AdoIuDsWU15vdZKrTHqCJ0bRYqGSe1Pn4rF4XzXc3YfMo5jNOBjjvGkRWn3G-URkOzY&_nc_zt=23&_nc_ht=scontent-nrt1-2.cdninstagram.com&edm=ANo9K5cEAAAA&_nc_gid=S3zZFlhkfawK2TDZ6MAOMA&_nc_tpa=Q5bMBQLaHFvN_KWyaGxfyJPggsn4JQ3ZGolJWrq0Wqf77R3Xn3wnKucvQjzZX0BqaBObQl3XIw5sS81-Qg&oh=00_AQIvCdKrrhDjsw-I7_2BfzbUDYvrnbMMs7Fisj7ZGCRvkA&oe=6A9C09E8	assets/insta/a0dfcdb09303c041.jpg
https://scontent-nrt1-2.cdninstagram.com/v/t51.82787-15/670372320_18045147380746239_7847233924974770925_n.webp?stp=dst-jpg_e35_tt6&_nc_cat=101&ccb=7-5&_nc_sid=18de74&efg=eyJlZmdfdGFnIjoiRkVFRC5iZXN0X2ltYWdlX3VybGdlbi5DMyJ9&_nc_ohc=RA5kjkzLkbUQ7kNvwG0ZBhf&_nc_oc=AdoVyB88XxTubJJCUkCOE5N6IsJn-QEMyLC_ky2awODRC7pPeNQ0YE38UAUteBaiu3I&_nc_zt=23&_nc_ht=scontent-nrt1-2.cdninstagram.com&edm=ANo9K5cEAAAA&_nc_gid=S3zZFlhkfawK2TDZ6MAOMA&_nc_tpa=Q5bMBQJu4T3mkETv4zMkgkis94_XxZug8H3BYTTlIw9dWgHORy5Nkw8XJ9Fg0hl5W94LaDNG7ywVBjWfkw&oh=00_AQKh3oitrccXW7of9v8b4A6kJfqGlyup6n2bFWkRO_4XKw&oe=6A9BFA3F	assets/insta/45f73e93eac3c77b.jpg
https://scontent-nrt1-2.cdninstagram.com/v/t51.82787-15/685673483_18047628419746239_7785736796975349387_n.webp?stp=dst-jpg_e35_tt6&_nc_cat=104&ccb=7-5&_nc_sid=18de74&efg=eyJlZmdfdGFnIjoiRkVFRC5iZXN0X2ltYWdlX3VybGdlbi5DMyJ9&_nc_ohc=2rHCBmfPpnwQ7kNvwHjJATd&_nc_oc=AdqEzASo8vHie_Vw7wcAUYmgk0QyCVx2tuwIPDwICDrdzgTi9oFI8zIA6-hgNyGTNqw&_nc_zt=23&_nc_ht=scontent-nrt1-2.cdninstagram.com&edm=ANo9K5cEAAAA&_nc_gid=S3zZFlhkfawK2TDZ6MAOMA&_nc_tpa=Q5bMBQLtoqE9d5jJEf5elZV-3ozgIi9FX27PVnmeIJnJWdaC-r_hV4EGka0hy3gUzeieBT5nA8--SOqYBg&oh=00_AQJ3-Pq42peRmjOD0Ye9Pftw0Tttg2_AMbsBmL6rZZAtrw&oe=6A9C21D1	assets/insta/bd1005db3411a102.jpg
https://scontent-nrt1-2.cdninstagram.com/v/t51.82787-15/762292741_18060538688746239_5639173526708128845_n.webp?stp=dst-jpg_e35_tt6&_nc_cat=107&ccb=7-5&_nc_sid=18de74&efg=eyJlZmdfdGFnIjoiQ0FST1VTRUxfSVRFTS5iZXN0X2ltYWdlX3VybGdlbi5DMyJ9&_nc_ohc=6Glmc0kmZGwQ7kNvwGsaQip&_nc_oc=AdrdraZzJea2UNyfXn2QBJpONbBPTIJt_izipiEF5zCh_hz439VLMzpcHK865fpE-jI&_nc_zt=23&_nc_ht=scontent-nrt1-2.cdninstagram.com&edm=ANo9K5cEAAAA&_nc_gid=S3zZFlhkfawK2TDZ6MAOMA&_nc_tpa=Q5bMBQKO5UKMHlF2G6xWfXTyUar60AwYtvG8PRTjUzFv-xMYRZii3Br513LDqnDNaaYWv5aPH7dihPmqgQ&oh=00_AQKFpmjUiP9Y7i95et-gzKsoCNrsJ1fTxK5XJTlavTXFfQ&oe=6A9C0D39	assets/insta/aaf633059cafcccc.jpg
https://scontent-nrt1-2.cdninstagram.com/v/t51.82787-15/771025049_18061597268746239_3724283377415334036_n.webp?stp=dst-jpg_e35_tt6&_nc_cat=101&ccb=7-5&_nc_sid=18de74&efg=eyJlZmdfdGFnIjoiRkVFRC5iZXN0X2ltYWdlX3VybGdlbi5DMyJ9&_nc_ohc=D9UlcHwD1McQ7kNvwEbkY-R&_nc_oc=Adp8P75vq85Wt1Pcl0iFZpXXJqo8dLywnFD1pn4UWa0tunNkU_gyXWPEWxm2CEvDI3U&_nc_zt=23&_nc_ht=scontent-nrt1-2.cdninstagram.com&edm=ANo9K5cEAAAA&_nc_gid=S3zZFlhkfawK2TDZ6MAOMA&_nc_tpa=Q5bMBQKYrQJzwDytEZYTDQNEKWZsXw4HNKBuhuXfBzjhm1EXfqCYA1JW0pkrPftUVqGOOLgYlN8dYrBkVg&oh=00_AQIpv-i0LrMtH8Z2vWNeAHh_6BVUOKzzsQ2Zbe4kvMb1OQ&oe=6A9C2229	assets/insta/0bea2f3c4fba7786.jpg
https://scontent-nrt1-2.cdninstagram.com/v/t51.82787-15/772905129_18061958453746239_6242637181430928541_n.jpg?stp=dst-jpg_e35_tt6&_nc_cat=102&ccb=7-5&_nc_sid=18de74&efg=eyJlZmdfdGFnIjoiQ0xJUFMuYmVzdF9pbWFnZV91cmxnZW4uQzMifQ%3D%3D&_nc_ohc=8TnmgMDaWwQQ7kNvwGSo3R9&_nc_oc=AdrJvVsVKWrgxI_3tRqwOZUe9npK8BkJR7Xta1dh37bLbRDEX6W8OlszHRDsqO6giK8&_nc_zt=23&_nc_ht=scontent-nrt1-2.cdninstagram.com&edm=ANo9K5cEAAAA&_nc_gid=S3zZFlhkfawK2TDZ6MAOMA&_nc_tpa=Q5bMBQJ37F4eMUiD0PyWkULO7w22K2oJStlkNx0Zzox5XUtKkWdzDpePgCrC70WNCefaVvw0_4acMlC70A&oh=00_AQLIoCfodYtThvhiKNqOcwfxmtCUZNPuZSRfu10fqU3JBQ&oe=6A9BF3E7	assets/insta/f01d2788b81dd579.jpg
https://scontent-nrt1-2.cdninstagram.com/v/t51.82787-15/777299358_18063260270746239_3902233384947508979_n.jpg?stp=dst-jpg_e35_tt6&_nc_cat=107&ccb=7-5&_nc_sid=18de74&efg=eyJlZmdfdGFnIjoiQ0xJUFMuYmVzdF9pbWFnZV91cmxnZW4uQzMifQ%3D%3D&_nc_ohc=XkkF8DhaLowQ7kNvwG6H4M0&_nc_oc=AdoCI55ijeNl8qHE2BtfMMNoRyAMH7sw294J-kv9nzPBJIckHlLdZMs4JnIPv2fiKQo&_nc_zt=23&_nc_ht=scontent-nrt1-2.cdninstagram.com&edm=ANo9K5cEAAAA&_nc_gid=S3zZFlhkfawK2TDZ6MAOMA&_nc_tpa=Q5bMBQJWrF65udutjTMByXOlcCmc8DgFPLXNE8PeOB11QEf-Rbgjg1pINB-Mv1aNsAQrv4p9bZSX1h_B8w&oh=00_AQLlzY284n94jQeUkNXMa94HV7ynZ6_UHbJyeZaMuZVaGA&oe=6A9BFC1B	assets/insta/29d75dd32de20ce5.jpg
https://scontent-nrt1-2.cdninstagram.com/v/t51.82787-15/787045211_18064263866746239_1813862666153576056_n.webp?stp=dst-jpg_e35_tt6&_nc_cat=104&ccb=7-5&_nc_sid=18de74&efg=eyJlZmdfdGFnIjoiQ0FST1VTRUxfSVRFTS5iZXN0X2ltYWdlX3VybGdlbi5DMyJ9&_nc_ohc=1iMpaXgPUE0Q7kNvwHhqUig&_nc_oc=Ado1sgCBu8FPVlhTXmxrowmcmkOdoZ2lXvtiLrY4vI6BLu_9KJvCD2CZEpa19IgtdrA&_nc_zt=23&_nc_ht=scontent-nrt1-2.cdninstagram.com&edm=ANo9K5cEAAAA&_nc_gid=S3zZFlhkfawK2TDZ6MAOMA&_nc_tpa=Q5bMBQKmzF8CuYNH55oXLGaoolAyawp7fRgRexmp6hiWDvHKOxFOwkpK2Y368vg3puguqjDTuvDAy5cAtg&oh=00_AQJCgsujmc7PjDx9kE5lbvhaILtrjbgSyFTqdUKKSniLDg&oe=6A9C214D	assets/insta/2c84364fb8d3e26f.jpg
https://scontent-nrt6-1.cdninstagram.com/v/t51.82787-15/670434294_18045435626746239_8621674241712898707_n.webp?stp=dst-jpg_e35_tt6&_nc_cat=110&ccb=7-5&_nc_sid=18de74&efg=eyJlZmdfdGFnIjoiQ0FST1VTRUxfSVRFTS5iZXN0X2ltYWdlX3VybGdlbi5DMyJ9&_nc_ohc=7S6v5odB2woQ7kNvwEQtgK_&_nc_oc=Adryl-GXwY2rB3b0Tav7L2SnyAMZJEdBsmI7JKCIArJtfqs-a7t1enHj2r_q83YNWzU&_nc_zt=23&_nc_ht=scontent-nrt6-1.cdninstagram.com&edm=ANo9K5cEAAAA&_nc_gid=S3zZFlhkfawK2TDZ6MAOMA&_nc_tpa=Q5bMBQJfmQE_CPwAIJcJGpj-5iTFJ1_xoQj6pLmOg1sCC1EO7WAeKUF8-0NVtwmOWFfhhKWU1uXIxZSyxA&oh=00_AQJwe3b6gNMggfulEz-Y8AvJxS5zW6oQ3JSUz_8eNrwArw&oe=6A9C1828	assets/insta/ad7440f79fa8e58f.jpg
https://scontent-nrt6-1.cdninstagram.com/v/t51.82787-15/670616490_18044313602746239_4793326255325128561_n.webp?stp=dst-jpg_e35_tt6&_nc_cat=110&ccb=7-5&_nc_sid=18de74&efg=eyJlZmdfdGFnIjoiQ0FST1VTRUxfSVRFTS5iZXN0X2ltYWdlX3VybGdlbi5DMyJ9&_nc_ohc=Kt_plN4GRYoQ7kNvwGRuU39&_nc_oc=AdodG_KGMNhZGl-1MF8RB5lsbZWsu8Bcx0bEMvkMymXIMxhcF9R3EnBwlmCiZWYSdis&_nc_zt=23&_nc_ht=scontent-nrt6-1.cdninstagram.com&edm=ANo9K5cEAAAA&_nc_gid=S3zZFlhkfawK2TDZ6MAOMA&_nc_tpa=Q5bMBQLmT0z2gOdzY54YNxXrHAvqtvZ7HwV4zrem747NtraBfWGKwq8FnKtpXWOOUZxnJPFc6tTwofgLNA&oh=00_AQJGPeqv8tz2k9YOxAa4L2EVfIchrx1MeOVPiIwoQwd1OA&oe=6A9BFCA9	assets/insta/8c4eb20ee18cd636.jpg
https://scontent-nrt6-1.cdninstagram.com/v/t51.82787-15/684478148_18047088383746239_381293299644745322_n.jpg?stp=dst-jpg_e35_tt6&_nc_cat=100&ccb=7-5&_nc_sid=18de74&efg=eyJlZmdfdGFnIjoiQ0FST1VTRUxfSVRFTS5iZXN0X2ltYWdlX3VybGdlbi5DMyJ9&_nc_ohc=vt8QWwisIjkQ7kNvwE4Dl87&_nc_oc=AdqyGaTTx_W3LziG4Rx9sGZjtTP79q40Z9sk6iFcnTIgbd1TamQAzxjaGmHP1D-OrO4&_nc_zt=23&_nc_ht=scontent-nrt6-1.cdninstagram.com&edm=ANo9K5cEAAAA&_nc_gid=S3zZFlhkfawK2TDZ6MAOMA&_nc_tpa=Q5bMBQJTm8C_-2Jw-YybuPk7MDPGRLucTEqbvbgWkqppLzEQg9FSkKVS0T0FH7kThdeTp2m81IunMrYcPA&oh=00_AQJ0K3X4GuD8KtARa5RAY_PXkic7Au5VdNKUhrtwtTQrQQ&oe=6A9C1328	assets/insta/3137e52289fbcf11.jpg
https://scontent-nrt6-1.cdninstagram.com/v/t51.82787-15/704671678_18049409582746239_6911736578199271808_n.webp?stp=dst-jpg_e35_tt6&_nc_cat=106&ccb=7-5&_nc_sid=18de74&efg=eyJlZmdfdGFnIjoiRkVFRC5iZXN0X2ltYWdlX3VybGdlbi5DMyJ9&_nc_ohc=VkxIb8J6DxsQ7kNvwGnNo-X&_nc_oc=Adpc3wStj492wuhKA8A4gZXc8cx2fJMskxw94DRG-RWxCtymzkw8Hg-wtR5MJOx7Ff0&_nc_zt=23&_nc_ht=scontent-nrt6-1.cdninstagram.com&edm=ANo9K5cEAAAA&_nc_gid=S3zZFlhkfawK2TDZ6MAOMA&_nc_tpa=Q5bMBQIxW8YozdAeq8XlL65WsXVWq4GtqpPfLbU68_hn_VmRCgIqYpfJq8SzkZmcJTXgfXdddsJWAmvZtg&oh=00_AQIwENNyDXcXcNU2bJ5w0sT6FoejRLPRRgSDGXPaMET6hg&oe=6A9C1294	assets/insta/a07d88f2ea888a9e.jpg
https://scontent-nrt6-1.cdninstagram.com/v/t51.82787-15/712985160_18050984882746239_4217951238482533348_n.webp?stp=dst-jpg_e35_tt6&_nc_cat=111&ccb=7-5&_nc_sid=18de74&efg=eyJlZmdfdGFnIjoiQ0FST1VTRUxfSVRFTS5iZXN0X2ltYWdlX3VybGdlbi5DMyJ9&_nc_ohc=yWqmf7cYxxIQ7kNvwE3A6pn&_nc_oc=Adp-LVGnfccLcl2RG4kSaWpQPcr6tz75oGrQ7JSuOg5y_-a4ii686PCA1npg9sgIsM8&_nc_zt=23&_nc_ht=scontent-nrt6-1.cdninstagram.com&edm=ANo9K5cEAAAA&_nc_gid=S3zZFlhkfawK2TDZ6MAOMA&_nc_tpa=Q5bMBQKnqksBiZ1U74Qlp94XfYpR3cfLd2sHK-CFd2Kp2mExf6ehzfsegYxwoUVM9wlLAra5vhkaBet8lA&oh=00_AQJJhM0TwxTX5pKFwIRQpMscX_hQKk3JCSbWRBucFR-3LQ&oe=6A9BF639	assets/insta/ca4371619accc2d8.jpg
https://scontent-nrt6-1.cdninstagram.com/v/t51.82787-15/729710153_18055078127746239_4682335602626708769_n.webp?stp=dst-jpg_e35_tt6&_nc_cat=105&ccb=7-5&_nc_sid=18de74&efg=eyJlZmdfdGFnIjoiQ0FST1VTRUxfSVRFTS5iZXN0X2ltYWdlX3VybGdlbi5DMyJ9&_nc_ohc=kYwNuLvHYq0Q7kNvwG5YFoY&_nc_oc=Adr2CCybOBcPtvf1a-13UwdSDVY9oztbCHmvrvlHIkZee_1sRiEoBJxt2BKYHZblNL0&_nc_zt=23&_nc_ht=scontent-nrt6-1.cdninstagram.com&edm=ANo9K5cEAAAA&_nc_gid=S3zZFlhkfawK2TDZ6MAOMA&_nc_tpa=Q5bMBQJ2dALVJ9sg-kD6ZTvv5ycSZX_p6q7DrLExGoIZ4B6hhBzKsKxztVqZrx82UWstsN3tHSv6bMutVQ&oh=00_AQLLITNqR64nyENbGTMwiHWcgOUT1HS85EuFpwrri8Jz5w&oe=6A9BF91C	assets/insta/1f710c9c656bb280.jpg
https://scontent-nrt6-1.cdninstagram.com/v/t51.82787-15/744875358_18057235838746239_6892343404311344299_n.jpg?stp=dst-jpg_e35_tt6&_nc_cat=100&ccb=7-5&_nc_sid=18de74&efg=eyJlZmdfdGFnIjoiQ0xJUFMuYmVzdF9pbWFnZV91cmxnZW4uQzMifQ%3D%3D&_nc_ohc=6YkVTtg07DEQ7kNvwGEL2JS&_nc_oc=AdqXzvuOCizeCR3oZYYAfH_rBqUfDC9LRS1EDaEaxE6kPSrm6NojEYaA8V9PZBFiknc&_nc_zt=23&_nc_ht=scontent-nrt6-1.cdninstagram.com&edm=ANo9K5cEAAAA&_nc_gid=S3zZFlhkfawK2TDZ6MAOMA&_nc_tpa=Q5bMBQLZlDCgWx4B-4c7QXTh7ZFTzUA5jm7FC037nIM_LKw0_RuHHipogzOXOw9MnV_YiD9eOjx9fukecA&oh=00_AQIJ4es26yerfdba2qPeazSIihT-IYrudU8yNMm-86VAfA&oe=6A9C1C9C	assets/insta/90b8601b40bd07b6.jpg
https://scontent-nrt6-1.cdninstagram.com/v/t51.82787-15/758750850_18059869943746239_8557284766853107141_n.webp?stp=dst-jpg_e35_tt6&_nc_cat=105&ccb=7-5&_nc_sid=18de74&efg=eyJlZmdfdGFnIjoiQ0FST1VTRUxfSVRFTS5iZXN0X2ltYWdlX3VybGdlbi5DMyJ9&_nc_ohc=6mA1tSslTh0Q7kNvwHrg-50&_nc_oc=AdrBXfAoCt77J92KssGbE5g5gFr-2u8iZGOtxkfLwmUwNk_aXYvLEpWp9KbfSqWOr2g&_nc_zt=23&_nc_ht=scontent-nrt6-1.cdninstagram.com&edm=ANo9K5cEAAAA&_nc_gid=S3zZFlhkfawK2TDZ6MAOMA&_nc_tpa=Q5bMBQKqXEaSP5ttZKzOUa8lPczGtKSjlnd8SpZsqOF1hqCEFbRrtDuyC_0ySRZyW6_jZBOZlmPC2avdHg&oh=00_AQI4HzghBky0DLdR98hrM-w8_iK5cZsXNaufnFfnKbTArg&oe=6A9C154F	assets/insta/5d31b9a626fb0b1c.jpg
https://scontent-nrt6-1.cdninstagram.com/v/t51.82787-15/782253608_18064444133746239_3708924858430797281_n.jpg?stp=dst-jpg_e35_tt6&_nc_cat=105&ccb=7-5&_nc_sid=18de74&efg=eyJlZmdfdGFnIjoiQ0xJUFMuYmVzdF9pbWFnZV91cmxnZW4uQzMifQ%3D%3D&_nc_ohc=Yi0J7vUK_voQ7kNvwEQgG4o&_nc_oc=AdpbhXy7KQqgpGXQYIj_5fHAj1BRJU8NhevDyHbMlxDcrVjb2s1rVSZpxuWlxhUHldo&_nc_zt=23&_nc_ht=scontent-nrt6-1.cdninstagram.com&edm=ANo9K5cEAAAA&_nc_gid=S3zZFlhkfawK2TDZ6MAOMA&_nc_tpa=Q5bMBQJDW5M4DLK3hkUfuH427Q23Lia0snn_dXNcSGT60kvJc9ABUiTXShcGcf7IcMHu65nL5o3tQdxowA&oh=00_AQKVioNscvxMNey2sMMUN9Elw2469jXtb2xGy-8isEAz8A&oe=6A9BF853	assets/insta/92ebbd5cfb840236.jpg
https://vendor-cdn.imweb.me/css/animate.css	assets/vendor/css/animate.css
https://vendor-cdn.imweb.me/css/chosen.css	assets/vendor/css/chosen.css
https://vendor-cdn.imweb.me/css/chosenImage.css	assets/vendor/css/chosenImage.css
https://vendor-cdn.imweb.me/css/codemirror.css	assets/vendor/css/codemirror.css
https://vendor-cdn.imweb.me/css/emoji.css	assets/vendor/css/emoji.css
https://vendor-cdn.imweb.me/css/font-awesome5.min.css	assets/vendor/css/font-awesome5.min.css
https://vendor-cdn.imweb.me/css/froala/custom-theme-v3.css	assets/vendor/css/froala/custom-theme-v3.css
https://vendor-cdn.imweb.me/css/function.css	assets/vendor/css/function.css
https://vendor-cdn.imweb.me/css/ii.css	assets/vendor/css/ii.css
https://vendor-cdn.imweb.me/css/im_component.css	assets/vendor/css/im_component.css
https://vendor-cdn.imweb.me/css/notosanskr-hestia.css	assets/vendor/css/notosanskr-hestia.css
https://vendor-cdn.imweb.me/css/owl.carousel1.css	assets/vendor/css/owl.carousel1.css
https://vendor-cdn.imweb.me/css/roboto.css	assets/vendor/css/roboto.css
https://vendor-cdn.imweb.me/css/site/alarm_menu.css	assets/vendor/css/site/alarm_menu.css
https://vendor-cdn.imweb.me/css/site/bootstrap.css	assets/vendor/css/site/bootstrap.css
https://vendor-cdn.imweb.me/css/site/iefix.css	assets/vendor/css/site/iefix.css
https://vendor-cdn.imweb.me/css/site/iefix2.css	assets/vendor/css/site/iefix2.css
https://vendor-cdn.imweb.me/css/site/site.css	assets/vendor/css/site/site.css
https://vendor-cdn.imweb.me/css/site/site2.css	assets/vendor/css/site/site2.css
https://vendor-cdn.imweb.me/css/tailwind.css	assets/vendor/css/tailwind.css
https://vendor-cdn.imweb.me/dist/oms-shop-bridge/oms-shop-bridge.iife.js	assets/vendor/dist/oms-shop-bridge/oms-shop-bridge.iife.js
https://vendor-cdn.imweb.me/fonts/Material-Design-Iconic-Font.eot	assets/vendor/fonts/Material-Design-Iconic-Font.eot
https://vendor-cdn.imweb.me/fonts/Material-Design-Iconic-Font.ttf	assets/vendor/fonts/Material-Design-Iconic-Font.ttf
https://vendor-cdn.imweb.me/fonts/Material-Design-Iconic-Font.woff	assets/vendor/fonts/Material-Design-Iconic-Font.woff
https://vendor-cdn.imweb.me/fonts/Material-Design-Iconic-Font.woff2	assets/vendor/fonts/Material-Design-Iconic-Font.woff2
https://vendor-cdn.imweb.me/fonts/NotoSansKR-Black-Hestia.eot	assets/vendor/fonts/NotoSansKR-Black-Hestia.eot
https://vendor-cdn.imweb.me/fonts/NotoSansKR-Black-Hestia.otf	assets/vendor/fonts/NotoSansKR-Black-Hestia.otf
https://vendor-cdn.imweb.me/fonts/NotoSansKR-Black-Hestia.woff	assets/vendor/fonts/NotoSansKR-Black-Hestia.woff
https://vendor-cdn.imweb.me/fonts/NotoSansKR-Bold-Hestia.eot	assets/vendor/fonts/NotoSansKR-Bold-Hestia.eot
https://vendor-cdn.imweb.me/fonts/NotoSansKR-Bold-Hestia.otf	assets/vendor/fonts/NotoSansKR-Bold-Hestia.otf
https://vendor-cdn.imweb.me/fonts/NotoSansKR-Bold-Hestia.woff	assets/vendor/fonts/NotoSansKR-Bold-Hestia.woff
https://vendor-cdn.imweb.me/fonts/NotoSansKR-Light-Hestia.eot	assets/vendor/fonts/NotoSansKR-Light-Hestia.eot
https://vendor-cdn.imweb.me/fonts/NotoSansKR-Light-Hestia.otf	assets/vendor/fonts/NotoSansKR-Light-Hestia.otf
https://vendor-cdn.imweb.me/fonts/NotoSansKR-Light-Hestia.woff	assets/vendor/fonts/NotoSansKR-Light-Hestia.woff
https://vendor-cdn.imweb.me/fonts/NotoSansKR-Medium-Hestia.eot	assets/vendor/fonts/NotoSansKR-Medium-Hestia.eot
https://vendor-cdn.imweb.me/fonts/NotoSansKR-Medium-Hestia.otf	assets/vendor/fonts/NotoSansKR-Medium-Hestia.otf
https://vendor-cdn.imweb.me/fonts/NotoSansKR-Medium-Hestia.woff	assets/vendor/fonts/NotoSansKR-Medium-Hestia.woff
https://vendor-cdn.imweb.me/fonts/NotoSansKR-Regular-Hestia.eot	assets/vendor/fonts/NotoSansKR-Regular-Hestia.eot
https://vendor-cdn.imweb.me/fonts/NotoSansKR-Regular-Hestia.otf	assets/vendor/fonts/NotoSansKR-Regular-Hestia.otf
https://vendor-cdn.imweb.me/fonts/NotoSansKR-Regular-Hestia.woff	assets/vendor/fonts/NotoSansKR-Regular-Hestia.woff
https://vendor-cdn.imweb.me/fonts/NotoSansKR-Thin-Hestia.eot	assets/vendor/fonts/NotoSansKR-Thin-Hestia.eot
https://vendor-cdn.imweb.me/fonts/NotoSansKR-Thin-Hestia.otf	assets/vendor/fonts/NotoSansKR-Thin-Hestia.otf
https://vendor-cdn.imweb.me/fonts/NotoSansKR-Thin-Hestia.woff	assets/vendor/fonts/NotoSansKR-Thin-Hestia.woff
https://vendor-cdn.imweb.me/fonts/Plipop-Social-Icons.eot	assets/vendor/fonts/Plipop-Social-Icons.eot
https://vendor-cdn.imweb.me/fonts/Plipop-Social-Icons.svg	assets/vendor/fonts/Plipop-Social-Icons.svg
https://vendor-cdn.imweb.me/fonts/Plipop-Social-Icons.ttf	assets/vendor/fonts/Plipop-Social-Icons.ttf
https://vendor-cdn.imweb.me/fonts/Plipop-Social-Icons.woff	assets/vendor/fonts/Plipop-Social-Icons.woff
https://vendor-cdn.imweb.me/fonts/Roboto-Medium.eot	assets/vendor/fonts/Roboto-Medium.eot
https://vendor-cdn.imweb.me/fonts/Roboto-Medium.woff	assets/vendor/fonts/Roboto-Medium.woff
https://vendor-cdn.imweb.me/fonts/Roboto-Medium.woff2	assets/vendor/fonts/Roboto-Medium.woff2
https://vendor-cdn.imweb.me/fonts/Roboto-Regular.eot	assets/vendor/fonts/Roboto-Regular.eot
https://vendor-cdn.imweb.me/fonts/Roboto-Regular.ttf	assets/vendor/fonts/Roboto-Regular.ttf
https://vendor-cdn.imweb.me/fonts/Roboto-Regular.woff	assets/vendor/fonts/Roboto-Regular.woff
https://vendor-cdn.imweb.me/fonts/Roboto-Regular.woff2	assets/vendor/fonts/Roboto-Regular.woff2
https://vendor-cdn.imweb.me/fonts/bold/BlackTie-Bold-webfont.eot	assets/vendor/fonts/bold/BlackTie-Bold-webfont.eot
https://vendor-cdn.imweb.me/fonts/bold/BlackTie-Bold-webfont.svg	assets/vendor/fonts/bold/BlackTie-Bold-webfont.svg
https://vendor-cdn.imweb.me/fonts/bold/BlackTie-Bold-webfont.ttf	assets/vendor/fonts/bold/BlackTie-Bold-webfont.ttf
https://vendor-cdn.imweb.me/fonts/bold/BlackTie-Bold-webfont.woff	assets/vendor/fonts/bold/BlackTie-Bold-webfont.woff
https://vendor-cdn.imweb.me/fonts/bold/BlackTie-Bold-webfont.woff2	assets/vendor/fonts/bold/BlackTie-Bold-webfont.woff2
https://vendor-cdn.imweb.me/fonts/brands/FontAwesomeBrands-Regular-webfont.eot	assets/vendor/fonts/brands/FontAwesomeBrands-Regular-webfont.eot
https://vendor-cdn.imweb.me/fonts/brands/FontAwesomeBrands-Regular-webfont.svg	assets/vendor/fonts/brands/FontAwesomeBrands-Regular-webfont.svg
https://vendor-cdn.imweb.me/fonts/brands/FontAwesomeBrands-Regular-webfont.ttf	assets/vendor/fonts/brands/FontAwesomeBrands-Regular-webfont.ttf
https://vendor-cdn.imweb.me/fonts/brands/FontAwesomeBrands-Regular-webfont.woff	assets/vendor/fonts/brands/FontAwesomeBrands-Regular-webfont.woff
https://vendor-cdn.imweb.me/fonts/brands/FontAwesomeBrands-Regular-webfont.woff2	assets/vendor/fonts/brands/FontAwesomeBrands-Regular-webfont.woff2
https://vendor-cdn.imweb.me/fonts/fa-brands-400.eot	assets/vendor/fonts/fa-brands-400.eot
https://vendor-cdn.imweb.me/fonts/fa-brands-400.svg	assets/vendor/fonts/fa-brands-400.svg
https://vendor-cdn.imweb.me/fonts/fa-brands-400.ttf	assets/vendor/fonts/fa-brands-400.ttf
https://vendor-cdn.imweb.me/fonts/fa-brands-400.woff	assets/vendor/fonts/fa-brands-400.woff
https://vendor-cdn.imweb.me/fonts/fa-brands-400.woff2	assets/vendor/fonts/fa-brands-400.woff2
https://vendor-cdn.imweb.me/fonts/fa-brands-400/fa-brands-400.eot	assets/vendor/fonts/fa-brands-400/fa-brands-400.eot
https://vendor-cdn.imweb.me/fonts/fa-brands-400/fa-brands-400.svg	assets/vendor/fonts/fa-brands-400/fa-brands-400.svg
https://vendor-cdn.imweb.me/fonts/fa-brands-400/fa-brands-400.ttf	assets/vendor/fonts/fa-brands-400/fa-brands-400.ttf
https://vendor-cdn.imweb.me/fonts/fa-brands-400/fa-brands-400.woff	assets/vendor/fonts/fa-brands-400/fa-brands-400.woff
https://vendor-cdn.imweb.me/fonts/fa-regular-400.eot	assets/vendor/fonts/fa-regular-400.eot
https://vendor-cdn.imweb.me/fonts/fa-regular-400.svg	assets/vendor/fonts/fa-regular-400.svg
https://vendor-cdn.imweb.me/fonts/fa-regular-400.ttf	assets/vendor/fonts/fa-regular-400.ttf
https://vendor-cdn.imweb.me/fonts/fa-regular-400.woff	assets/vendor/fonts/fa-regular-400.woff
https://vendor-cdn.imweb.me/fonts/fa-regular-400.woff2	assets/vendor/fonts/fa-regular-400.woff2
https://vendor-cdn.imweb.me/fonts/fa-solid-900.eot	assets/vendor/fonts/fa-solid-900.eot
https://vendor-cdn.imweb.me/fonts/fa-solid-900.svg	assets/vendor/fonts/fa-solid-900.svg
https://vendor-cdn.imweb.me/fonts/fa-solid-900.ttf	assets/vendor/fonts/fa-solid-900.ttf
https://vendor-cdn.imweb.me/fonts/fa-solid-900.woff	assets/vendor/fonts/fa-solid-900.woff
https://vendor-cdn.imweb.me/fonts/fa-solid-900.woff2	assets/vendor/fonts/fa-solid-900.woff2
https://vendor-cdn.imweb.me/fonts/fontawesome-webfont.eot	assets/vendor/fonts/fontawesome-webfont.eot
https://vendor-cdn.imweb.me/fonts/fontawesome-webfont.svg	assets/vendor/fonts/fontawesome-webfont.svg
https://vendor-cdn.imweb.me/fonts/fontawesome-webfont.ttf	assets/vendor/fonts/fontawesome-webfont.ttf
https://vendor-cdn.imweb.me/fonts/fontawesome-webfont.woff	assets/vendor/fonts/fontawesome-webfont.woff
https://vendor-cdn.imweb.me/fonts/fontawesome-webfont.woff2	assets/vendor/fonts/fontawesome-webfont.woff2
https://vendor-cdn.imweb.me/fonts/froala-emoji-tap/fonts/froala-emoji-tap.eot	assets/vendor/fonts/froala-emoji-tap/fonts/froala-emoji-tap.eot
https://vendor-cdn.imweb.me/fonts/froala-emoji-tap/fonts/froala-emoji-tap.svg	assets/vendor/fonts/froala-emoji-tap/fonts/froala-emoji-tap.svg
https://vendor-cdn.imweb.me/fonts/froala-emoji-tap/fonts/froala-emoji-tap.ttf	assets/vendor/fonts/froala-emoji-tap/fonts/froala-emoji-tap.ttf
https://vendor-cdn.imweb.me/fonts/froala-emoji-tap/fonts/froala-emoji-tap.woff	assets/vendor/fonts/froala-emoji-tap/fonts/froala-emoji-tap.woff
https://vendor-cdn.imweb.me/fonts/froala-emoji-tap/style.css	assets/vendor/fonts/froala-emoji-tap/style.css
https://vendor-cdn.imweb.me/fonts/glyphicons-halflings-regular.eot	assets/vendor/_resolved/fonts/glyphicons-halflings-regular.eot
https://vendor-cdn.imweb.me/fonts/glyphicons-halflings-regular.eot	assets/vendor/fonts/glyphicons-halflings-regular.eot
https://vendor-cdn.imweb.me/fonts/glyphicons-halflings-regular.svg	assets/vendor/_resolved/fonts/glyphicons-halflings-regular.svg
https://vendor-cdn.imweb.me/fonts/glyphicons-halflings-regular.svg	assets/vendor/fonts/glyphicons-halflings-regular.svg
https://vendor-cdn.imweb.me/fonts/glyphicons-halflings-regular.ttf	assets/vendor/_resolved/fonts/glyphicons-halflings-regular.ttf
https://vendor-cdn.imweb.me/fonts/glyphicons-halflings-regular.ttf	assets/vendor/fonts/glyphicons-halflings-regular.ttf
https://vendor-cdn.imweb.me/fonts/glyphicons-halflings-regular.woff	assets/vendor/_resolved/fonts/glyphicons-halflings-regular.woff
https://vendor-cdn.imweb.me/fonts/glyphicons-halflings-regular.woff	assets/vendor/fonts/glyphicons-halflings-regular.woff
https://vendor-cdn.imweb.me/fonts/glyphicons-halflings-regular.woff2	assets/vendor/_resolved/fonts/glyphicons-halflings-regular.woff2
https://vendor-cdn.imweb.me/fonts/glyphicons-halflings-regular.woff2	assets/vendor/fonts/glyphicons-halflings-regular.woff2
https://vendor-cdn.imweb.me/fonts/im-icon/fonts/im-icon.eot	assets/vendor/fonts/im-icon/fonts/im-icon.eot
https://vendor-cdn.imweb.me/fonts/im-icon/fonts/im-icon.svg	assets/vendor/fonts/im-icon/fonts/im-icon.svg
https://vendor-cdn.imweb.me/fonts/im-icon/fonts/im-icon.ttf	assets/vendor/fonts/im-icon/fonts/im-icon.ttf
https://vendor-cdn.imweb.me/fonts/im-icon/fonts/im-icon.woff	assets/vendor/fonts/im-icon/fonts/im-icon.woff
https://vendor-cdn.imweb.me/fonts/im-icon/style.css	assets/vendor/fonts/im-icon/style.css
https://vendor-cdn.imweb.me/fonts/lg.eot	assets/vendor/fonts/lg.eot
https://vendor-cdn.imweb.me/fonts/lg.svg	assets/vendor/fonts/lg.svg
https://vendor-cdn.imweb.me/fonts/lg.ttf	assets/vendor/fonts/lg.ttf
https://vendor-cdn.imweb.me/fonts/lg.woff	assets/vendor/fonts/lg.woff
https://vendor-cdn.imweb.me/fonts/light/BlackTie-Light-webfont.eot	assets/vendor/fonts/light/BlackTie-Light-webfont.eot
https://vendor-cdn.imweb.me/fonts/light/BlackTie-Light-webfont.svg	assets/vendor/fonts/light/BlackTie-Light-webfont.svg
https://vendor-cdn.imweb.me/fonts/light/BlackTie-Light-webfont.ttf	assets/vendor/fonts/light/BlackTie-Light-webfont.ttf
https://vendor-cdn.imweb.me/fonts/light/BlackTie-Light-webfont.woff	assets/vendor/fonts/light/BlackTie-Light-webfont.woff
https://vendor-cdn.imweb.me/fonts/light/BlackTie-Light-webfont.woff2	assets/vendor/fonts/light/BlackTie-Light-webfont.woff2
https://vendor-cdn.imweb.me/fonts/medium/BlackTie-Medium-webfont.eot	assets/vendor/fonts/medium/BlackTie-Medium-webfont.eot
https://vendor-cdn.imweb.me/fonts/medium/BlackTie-Medium-webfont.svg	assets/vendor/fonts/medium/BlackTie-Medium-webfont.svg
https://vendor-cdn.imweb.me/fonts/medium/BlackTie-Medium-webfont.ttf	assets/vendor/fonts/medium/BlackTie-Medium-webfont.ttf
https://vendor-cdn.imweb.me/fonts/medium/BlackTie-Medium-webfont.woff	assets/vendor/fonts/medium/BlackTie-Medium-webfont.woff
https://vendor-cdn.imweb.me/fonts/medium/BlackTie-Medium-webfont.woff2	assets/vendor/fonts/medium/BlackTie-Medium-webfont.woff2
https://vendor-cdn.imweb.me/fonts/phosphor/fonts/psi.eot	assets/vendor/fonts/phosphor/fonts/psi.eot
https://vendor-cdn.imweb.me/fonts/phosphor/fonts/psi.svg	assets/vendor/fonts/phosphor/fonts/psi.svg
https://vendor-cdn.imweb.me/fonts/phosphor/fonts/psi.ttf	assets/vendor/fonts/phosphor/fonts/psi.ttf
https://vendor-cdn.imweb.me/fonts/phosphor/fonts/psi.woff	assets/vendor/fonts/phosphor/fonts/psi.woff
https://vendor-cdn.imweb.me/fonts/phosphor/style.css	assets/vendor/fonts/phosphor/style.css
https://vendor-cdn.imweb.me/fonts/pretendard/web/static/./woff/Pretendard-Black.woff	assets/vendor/fonts/pretendard/web/static/./woff/Pretendard-Black.woff
https://vendor-cdn.imweb.me/fonts/pretendard/web/static/./woff/Pretendard-Bold.woff	assets/vendor/fonts/pretendard/web/static/./woff/Pretendard-Bold.woff
https://vendor-cdn.imweb.me/fonts/pretendard/web/static/./woff/Pretendard-ExtraBold.woff	assets/vendor/fonts/pretendard/web/static/./woff/Pretendard-ExtraBold.woff
https://vendor-cdn.imweb.me/fonts/pretendard/web/static/./woff/Pretendard-ExtraLight.woff	assets/vendor/fonts/pretendard/web/static/./woff/Pretendard-ExtraLight.woff
https://vendor-cdn.imweb.me/fonts/pretendard/web/static/./woff/Pretendard-Light.woff	assets/vendor/fonts/pretendard/web/static/./woff/Pretendard-Light.woff
https://vendor-cdn.imweb.me/fonts/pretendard/web/static/./woff/Pretendard-Medium.woff	assets/vendor/fonts/pretendard/web/static/./woff/Pretendard-Medium.woff
https://vendor-cdn.imweb.me/fonts/pretendard/web/static/./woff/Pretendard-Regular.woff	assets/vendor/fonts/pretendard/web/static/./woff/Pretendard-Regular.woff
https://vendor-cdn.imweb.me/fonts/pretendard/web/static/./woff/Pretendard-SemiBold.woff	assets/vendor/fonts/pretendard/web/static/./woff/Pretendard-SemiBold.woff
https://vendor-cdn.imweb.me/fonts/pretendard/web/static/./woff/Pretendard-Thin.woff	assets/vendor/fonts/pretendard/web/static/./woff/Pretendard-Thin.woff
https://vendor-cdn.imweb.me/fonts/pretendard/web/static/./woff2/Pretendard-Black.woff2	assets/vendor/fonts/pretendard/web/static/./woff2/Pretendard-Black.woff2
https://vendor-cdn.imweb.me/fonts/pretendard/web/static/./woff2/Pretendard-Bold.woff2	assets/vendor/fonts/pretendard/web/static/./woff2/Pretendard-Bold.woff2
https://vendor-cdn.imweb.me/fonts/pretendard/web/static/./woff2/Pretendard-ExtraBold.woff2	assets/vendor/fonts/pretendard/web/static/./woff2/Pretendard-ExtraBold.woff2
https://vendor-cdn.imweb.me/fonts/pretendard/web/static/./woff2/Pretendard-ExtraLight.woff2	assets/vendor/fonts/pretendard/web/static/./woff2/Pretendard-ExtraLight.woff2
https://vendor-cdn.imweb.me/fonts/pretendard/web/static/./woff2/Pretendard-Light.woff2	assets/vendor/fonts/pretendard/web/static/./woff2/Pretendard-Light.woff2
https://vendor-cdn.imweb.me/fonts/pretendard/web/static/./woff2/Pretendard-Medium.woff2	assets/vendor/fonts/pretendard/web/static/./woff2/Pretendard-Medium.woff2
https://vendor-cdn.imweb.me/fonts/pretendard/web/static/./woff2/Pretendard-Regular.woff2	assets/vendor/fonts/pretendard/web/static/./woff2/Pretendard-Regular.woff2
https://vendor-cdn.imweb.me/fonts/pretendard/web/static/./woff2/Pretendard-SemiBold.woff2	assets/vendor/fonts/pretendard/web/static/./woff2/Pretendard-SemiBold.woff2
https://vendor-cdn.imweb.me/fonts/pretendard/web/static/./woff2/Pretendard-Thin.woff2	assets/vendor/fonts/pretendard/web/static/./woff2/Pretendard-Thin.woff2
https://vendor-cdn.imweb.me/fonts/pretendard/web/static/pretendard.css	assets/vendor/fonts/pretendard/web/static/pretendard.css
https://vendor-cdn.imweb.me/fonts/pretendard/web/variable/./woff2/PretendardVariable.woff2	assets/vendor/fonts/pretendard/web/variable/./woff2/PretendardVariable.woff2
https://vendor-cdn.imweb.me/fonts/pretendard/web/variable/pretendardvariable.css	assets/vendor/fonts/pretendard/web/variable/pretendardvariable.css
https://vendor-cdn.imweb.me/fonts/simple-line-icons/Simple-Line-Icons.eot	assets/vendor/fonts/simple-line-icons/Simple-Line-Icons.eot
https://vendor-cdn.imweb.me/fonts/simple-line-icons/Simple-Line-Icons.svg	assets/vendor/fonts/simple-line-icons/Simple-Line-Icons.svg
https://vendor-cdn.imweb.me/fonts/simple-line-icons/Simple-Line-Icons.ttf	assets/vendor/fonts/simple-line-icons/Simple-Line-Icons.ttf
https://vendor-cdn.imweb.me/fonts/simple-line-icons/Simple-Line-Icons.woff	assets/vendor/fonts/simple-line-icons/Simple-Line-Icons.woff
https://vendor-cdn.imweb.me/fonts/simple-line-icons/Simple-Line-Icons.woff2	assets/vendor/fonts/simple-line-icons/Simple-Line-Icons.woff2
https://vendor-cdn.imweb.me/fonts/solid/BlackTie-Solid-webfont.eot	assets/vendor/fonts/solid/BlackTie-Solid-webfont.eot
https://vendor-cdn.imweb.me/fonts/solid/BlackTie-Solid-webfont.svg	assets/vendor/fonts/solid/BlackTie-Solid-webfont.svg
https://vendor-cdn.imweb.me/fonts/solid/BlackTie-Solid-webfont.ttf	assets/vendor/fonts/solid/BlackTie-Solid-webfont.ttf
https://vendor-cdn.imweb.me/fonts/solid/BlackTie-Solid-webfont.woff	assets/vendor/fonts/solid/BlackTie-Solid-webfont.woff
https://vendor-cdn.imweb.me/fonts/solid/BlackTie-Solid-webfont.woff2	assets/vendor/fonts/solid/BlackTie-Solid-webfont.woff2
https://vendor-cdn.imweb.me/froala_311/css/froala_editor.min.css	assets/vendor/froala_311/css/froala_editor.min.css
https://vendor-cdn.imweb.me/froala_311/css/froala_style.min.css	assets/vendor/froala_311/css/froala_style.min.css
https://vendor-cdn.imweb.me/froala_311/css/plugins/char_counter.min.css	assets/vendor/froala_311/css/plugins/char_counter.min.css
https://vendor-cdn.imweb.me/froala_311/css/plugins/code_view.min.css	assets/vendor/froala_311/css/plugins/code_view.min.css
https://vendor-cdn.imweb.me/froala_311/css/plugins/colors.min.css	assets/vendor/froala_311/css/plugins/colors.min.css
https://vendor-cdn.imweb.me/froala_311/css/plugins/draggable.min.css	assets/vendor/froala_311/css/plugins/draggable.min.css
https://vendor-cdn.imweb.me/froala_311/css/plugins/emoticons.min.css	assets/vendor/froala_311/css/plugins/emoticons.min.css
https://vendor-cdn.imweb.me/froala_311/css/plugins/file.min.css	assets/vendor/froala_311/css/plugins/file.min.css
https://vendor-cdn.imweb.me/froala_311/css/plugins/fullscreen.min.css	assets/vendor/froala_311/css/plugins/fullscreen.min.css
https://vendor-cdn.imweb.me/froala_311/css/plugins/image.min.css	assets/vendor/froala_311/css/plugins/image.min.css
https://vendor-cdn.imweb.me/froala_311/css/plugins/image_manager.min.css	assets/vendor/froala_311/css/plugins/image_manager.min.css
https://vendor-cdn.imweb.me/froala_311/css/plugins/line_breaker.min.css	assets/vendor/froala_311/css/plugins/line_breaker.min.css
https://vendor-cdn.imweb.me/froala_311/css/plugins/quick_insert.min.css	assets/vendor/froala_311/css/plugins/quick_insert.min.css
https://vendor-cdn.imweb.me/froala_311/css/plugins/table.min.css	assets/vendor/froala_311/css/plugins/table.min.css
https://vendor-cdn.imweb.me/froala_311/css/plugins/video.min.css	assets/vendor/froala_311/css/plugins/video.min.css
https://vendor-cdn.imweb.me/froala_311/js/froala_editor.min.js	assets/vendor/froala_311/js/froala_editor.min.js
https://vendor-cdn.imweb.me/froala_311/js/languages/es.js	assets/vendor/froala_311/js/languages/es.js
https://vendor-cdn.imweb.me/froala_311/js/languages/ja.js	assets/vendor/froala_311/js/languages/ja.js
https://vendor-cdn.imweb.me/froala_311/js/languages/ko.js	assets/vendor/froala_311/js/languages/ko.js
https://vendor-cdn.imweb.me/froala_311/js/languages/vi.js	assets/vendor/froala_311/js/languages/vi.js
https://vendor-cdn.imweb.me/froala_311/js/languages/zh_cn.js	assets/vendor/froala_311/js/languages/zh_cn.js
https://vendor-cdn.imweb.me/froala_311/js/languages/zh_tw.js	assets/vendor/froala_311/js/languages/zh_tw.js
https://vendor-cdn.imweb.me/froala_311/js/plugins/align.min.js	assets/vendor/froala_311/js/plugins/align.min.js
https://vendor-cdn.imweb.me/froala_311/js/plugins/char_counter.min.js	assets/vendor/froala_311/js/plugins/char_counter.min.js
https://vendor-cdn.imweb.me/froala_311/js/plugins/code_beautifier.min.js	assets/vendor/froala_311/js/plugins/code_beautifier.min.js
https://vendor-cdn.imweb.me/froala_311/js/plugins/code_view.min.js	assets/vendor/froala_311/js/plugins/code_view.min.js
https://vendor-cdn.imweb.me/froala_311/js/plugins/colors.min.js	assets/vendor/froala_311/js/plugins/colors.min.js
https://vendor-cdn.imweb.me/froala_311/js/plugins/draggable.min.js	assets/vendor/froala_311/js/plugins/draggable.min.js
https://vendor-cdn.imweb.me/froala_311/js/plugins/emoticons.min.js	assets/vendor/froala_311/js/plugins/emoticons.min.js
https://vendor-cdn.imweb.me/froala_311/js/plugins/entities.min.js	assets/vendor/froala_311/js/plugins/entities.min.js
https://vendor-cdn.imweb.me/froala_311/js/plugins/file.min.js	assets/vendor/froala_311/js/plugins/file.min.js
https://vendor-cdn.imweb.me/froala_311/js/plugins/font_family.min.js	assets/vendor/froala_311/js/plugins/font_family.min.js
https://vendor-cdn.imweb.me/froala_311/js/plugins/font_size.min.js	assets/vendor/froala_311/js/plugins/font_size.min.js
https://vendor-cdn.imweb.me/froala_311/js/plugins/forms.min.js	assets/vendor/froala_311/js/plugins/forms.min.js
https://vendor-cdn.imweb.me/froala_311/js/plugins/fullscreen.min.js	assets/vendor/froala_311/js/plugins/fullscreen.min.js
https://vendor-cdn.imweb.me/froala_311/js/plugins/image.min.js	assets/vendor/froala_311/js/plugins/image.min.js
https://vendor-cdn.imweb.me/froala_311/js/plugins/image_manager.min.js	assets/vendor/froala_311/js/plugins/image_manager.min.js
https://vendor-cdn.imweb.me/froala_311/js/plugins/inline_style.min.js	assets/vendor/froala_311/js/plugins/inline_style.min.js
https://vendor-cdn.imweb.me/froala_311/js/plugins/line_breaker.min.js	assets/vendor/froala_311/js/plugins/line_breaker.min.js
https://vendor-cdn.imweb.me/froala_311/js/plugins/line_height.min.js	assets/vendor/froala_311/js/plugins/line_height.min.js
https://vendor-cdn.imweb.me/froala_311/js/plugins/link.min.js	assets/vendor/froala_311/js/plugins/link.min.js
https://vendor-cdn.imweb.me/froala_311/js/plugins/lists.min.js	assets/vendor/froala_311/js/plugins/lists.min.js
https://vendor-cdn.imweb.me/froala_311/js/plugins/paragraph_format.min.js	assets/vendor/froala_311/js/plugins/paragraph_format.min.js
https://vendor-cdn.imweb.me/froala_311/js/plugins/paragraph_style.min.js	assets/vendor/froala_311/js/plugins/paragraph_style.min.js
https://vendor-cdn.imweb.me/froala_311/js/plugins/quote.min.js	assets/vendor/froala_311/js/plugins/quote.min.js
https://vendor-cdn.imweb.me/froala_311/js/plugins/save.min.js	assets/vendor/froala_311/js/plugins/save.min.js
https://vendor-cdn.imweb.me/froala_311/js/plugins/table.min.js	assets/vendor/froala_311/js/plugins/table.min.js
https://vendor-cdn.imweb.me/froala_311/js/plugins/url.min.js	assets/vendor/froala_311/js/plugins/url.min.js
https://vendor-cdn.imweb.me/froala_311/js/plugins/video.min.js	assets/vendor/froala_311/js/plugins/video.min.js
https://vendor-cdn.imweb.me/froala_311/js/third_party/font_awesome.min.js	assets/vendor/froala_311/js/third_party/font_awesome.min.js
https://vendor-cdn.imweb.me/images/admin/design/ico_spinner.png	assets/vendor/images/admin/design/ico_spinner.png
https://vendor-cdn.imweb.me/images/admin/shopping/dropdown_arrow.png	assets/vendor/images/admin/shopping/dropdown_arrow.png
https://vendor-cdn.imweb.me/images/chosen/chosen-sprite.png	assets/vendor/images/chosen/chosen-sprite.png
https://vendor-cdn.imweb.me/images/chosen/chosen-sprite@2x.png	assets/vendor/images/chosen/chosen-sprite@2x.png
https://vendor-cdn.imweb.me/images/common/play_icon.png	assets/vendor/images/common/play_icon.png
https://vendor-cdn.imweb.me/images/icon-check.svg	assets/vendor/images/icon-check.svg
https://vendor-cdn.imweb.me/images/lightgallery/loading.gif	assets/vendor/_resolved/images/lightgallery/loading.gif
https://vendor-cdn.imweb.me/images/lightgallery/video-play.png	assets/vendor/_resolved/images/lightgallery/video-play.png
https://vendor-cdn.imweb.me/images/lightgallery/vimeo-play.png	assets/vendor/_resolved/images/lightgallery/vimeo-play.png
https://vendor-cdn.imweb.me/images/lightgallery/youtube-play.png	assets/vendor/_resolved/images/lightgallery/youtube-play.png
https://vendor-cdn.imweb.me/images/logo_kakao_channel.png	assets/vendor/images/logo_kakao_channel.png
https://vendor-cdn.imweb.me/images/m_btn_npay.svg	assets/vendor/images/m_btn_npay.svg
https://vendor-cdn.imweb.me/images/main/price/free_new_bg.png	assets/vendor/images/main/price/free_new_bg.png
https://vendor-cdn.imweb.me/images/main/price/global_new_bg.png	assets/vendor/images/main/price/global_new_bg.png
https://vendor-cdn.imweb.me/images/main/price/pro_new_bg.png	assets/vendor/images/main/price/pro_new_bg.png
https://vendor-cdn.imweb.me/images/main/price/starter_new_bg.png	assets/vendor/images/main/price/starter_new_bg.png
https://vendor-cdn.imweb.me/images/pc_btn_npay.svg	assets/vendor/images/pc_btn_npay.svg
https://vendor-cdn.imweb.me/images/pc_btn_talkcheckout.svg	assets/vendor/images/pc_btn_talkcheckout.svg
https://vendor-cdn.imweb.me/images/pc_kakaopay_wish.png	assets/vendor/images/pc_kakaopay_wish.png
https://vendor-cdn.imweb.me/images/pc_npay_talk.png	assets/vendor/images/pc_npay_talk.png
https://vendor-cdn.imweb.me/images/site/btn_widget_icon.png	assets/vendor/images/site/btn_widget_icon.png
https://vendor-cdn.imweb.me/images/site/file_icon.png	assets/vendor/images/site/file_icon.png
https://vendor-cdn.imweb.me/images/site/ico_confirm.png	assets/vendor/images/site/ico_confirm.png
https://vendor-cdn.imweb.me/images/site/img_empty_state.png	assets/vendor/images/site/img_empty_state.png
https://vendor-cdn.imweb.me/images/site/logo_doznut.png	assets/vendor/images/site/logo_doznut.png
https://vendor-cdn.imweb.me/images/site/m_option_close_btn.png	assets/vendor/images/site/m_option_close_btn.png
https://vendor-cdn.imweb.me/images/site/nav-logout-off.png	assets/vendor/images/site/nav-logout-off.png
https://vendor-cdn.imweb.me/images/site/nav-logout.png	assets/vendor/images/site/nav-logout.png
https://vendor-cdn.imweb.me/images/site/profile_icon.png	assets/vendor/images/site/profile_icon.png
https://vendor-cdn.imweb.me/images/site/round-check-off.png	assets/vendor/images/site/round-check-off.png
https://vendor-cdn.imweb.me/images/site/round-check-on.png	assets/vendor/images/site/round-check-on.png
https://vendor-cdn.imweb.me/images/site/social_icon.png	assets/vendor/images/site/social_icon.png
https://vendor-cdn.imweb.me/images/site/social_icon3.png	assets/vendor/images/site/social_icon3.png
https://vendor-cdn.imweb.me/images/site/traffic.png	assets/vendor/images/site/traffic.png
https://vendor-cdn.imweb.me/images/site/widget_add_icon.png	assets/vendor/images/site/widget_add_icon.png
https://vendor-cdn.imweb.me/images/ui-icons_222222_256x240.png	assets/vendor/images/ui-icons_222222_256x240.png
https://vendor-cdn.imweb.me/images/ui-icons_cocoa_256x240.png	assets/vendor/images/ui-icons_cocoa_256x240.png
https://vendor-cdn.imweb.me/images/ui-icons_ffffff_256x240.png	assets/vendor/images/ui-icons_ffffff_256x240.png
https://vendor-cdn.imweb.me/js/PIE_IE678.js	assets/vendor/js/PIE_IE678.js
https://vendor-cdn.imweb.me/js/ThreeCanvas.js	assets/vendor/js/ThreeCanvas.js
https://vendor-cdn.imweb.me/js/autosize.js	assets/vendor/js/autosize.js
https://vendor-cdn.imweb.me/js/axios.min.js	assets/vendor/js/axios.min.js
https://vendor-cdn.imweb.me/js/bootstrap-datepicker.js	assets/vendor/js/bootstrap-datepicker.js
https://vendor-cdn.imweb.me/js/bootstrap-hover-dropdown.min.js	assets/vendor/js/bootstrap-hover-dropdown.min.js
https://vendor-cdn.imweb.me/js/bootstrap.min.js	assets/vendor/js/bootstrap.min.js
https://vendor-cdn.imweb.me/js/bootstrap.slide-menu-alarm.js	assets/vendor/js/bootstrap.slide-menu-alarm.js
https://vendor-cdn.imweb.me/js/bootstrap.slide-menu.js	assets/vendor/js/bootstrap.slide-menu.js
https://vendor-cdn.imweb.me/js/classie.js	assets/vendor/js/classie.js
https://vendor-cdn.imweb.me/js/codemirror.js	assets/vendor/js/codemirror.js
https://vendor-cdn.imweb.me/js/common.js	assets/vendor/js/common.js
https://vendor-cdn.imweb.me/js/froala_with_emoticon.js	assets/vendor/js/froala_with_emoticon.js
https://vendor-cdn.imweb.me/js/gambit-smoothscroll-min.js	assets/vendor/js/gambit-smoothscroll-min.js
https://vendor-cdn.imweb.me/js/html5shiv.min.js	assets/vendor/js/html5shiv.min.js
https://vendor-cdn.imweb.me/js/ie-checker-min.js	assets/vendor/js/ie-checker-min.js
https://vendor-cdn.imweb.me/js/im_component.js	assets/vendor/js/im_component.js
https://vendor-cdn.imweb.me/js/imagesloaded.pkgd.min.js	assets/vendor/js/imagesloaded.pkgd.min.js
https://vendor-cdn.imweb.me/js/jquery-scrolltofixed.js	assets/vendor/js/jquery-scrolltofixed.js
https://vendor-cdn.imweb.me/js/jquery-ui.design.js	assets/vendor/js/jquery-ui.design.js
https://vendor-cdn.imweb.me/js/jquery.canvasResize.js	assets/vendor/js/jquery.canvasResize.js
https://vendor-cdn.imweb.me/js/jquery.chosen.js	assets/vendor/js/jquery.chosen.js
https://vendor-cdn.imweb.me/js/jquery.exif.js	assets/vendor/js/jquery.exif.js
https://vendor-cdn.imweb.me/js/jquery.fileupload.js	assets/vendor/js/jquery.fileupload.js
https://vendor-cdn.imweb.me/js/jquery.interactive_bg.min.js	assets/vendor/js/jquery.interactive_bg.min.js
https://vendor-cdn.imweb.me/js/jquery.js	assets/vendor/js/jquery.js
https://vendor-cdn.imweb.me/js/jquery.lazyload.min.js	assets/vendor/js/jquery.lazyload.min.js
https://vendor-cdn.imweb.me/js/jquery.number.min.js	assets/vendor/js/jquery.number.min.js
https://vendor-cdn.imweb.me/js/jquery.smooth-scroll.min.js	assets/vendor/js/jquery.smooth-scroll.min.js
https://vendor-cdn.imweb.me/js/jquery.timepicker.min.js	assets/vendor/js/jquery.timepicker.min.js
https://vendor-cdn.imweb.me/js/jquery.trackpad-scroll-emulator.js	assets/vendor/js/jquery.trackpad-scroll-emulator.js
https://vendor-cdn.imweb.me/js/lightgallery-all.min.js	assets/vendor/js/lightgallery-all.min.js
https://vendor-cdn.imweb.me/js/lightgallery-vimeo-compat.js	assets/vendor/js/lightgallery-vimeo-compat.js
https://vendor-cdn.imweb.me/js/lodash.min.js	assets/vendor/js/lodash.min.js
https://vendor-cdn.imweb.me/js/masonry.pkgd.min.js	assets/vendor/js/masonry.pkgd.min.js
https://vendor-cdn.imweb.me/js/mode/css/css.js	assets/vendor/js/mode/css/css.js
https://vendor-cdn.imweb.me/js/mode/htmlmixed/htmlmixed.js	assets/vendor/js/mode/htmlmixed/htmlmixed.js
https://vendor-cdn.imweb.me/js/mode/javascript/javascript.js	assets/vendor/js/mode/javascript/javascript.js
https://vendor-cdn.imweb.me/js/mode/xml/xml.js	assets/vendor/js/mode/xml/xml.js
https://vendor-cdn.imweb.me/js/modernizr.custom.js	assets/vendor/js/modernizr.custom.js
https://vendor-cdn.imweb.me/js/moment-with-locales.js	assets/vendor/js/moment-with-locales.js
https://vendor-cdn.imweb.me/js/moment.min.js	assets/vendor/js/moment.min.js
https://vendor-cdn.imweb.me/js/nprogress.js	assets/vendor/js/nprogress.js
https://vendor-cdn.imweb.me/js/owl.carousel1.js	assets/vendor/js/owl.carousel1.js
https://vendor-cdn.imweb.me/js/owl.carousel2.js	assets/vendor/js/owl.carousel2.js
https://vendor-cdn.imweb.me/js/placeholders.min.js	assets/vendor/js/placeholders.min.js
https://vendor-cdn.imweb.me/js/preloader.js	assets/vendor/js/preloader.js
https://vendor-cdn.imweb.me/js/respond.min.js	assets/vendor/js/respond.min.js
https://vendor-cdn.imweb.me/js/site_common.js	assets/vendor/js/site_common.js
https://vendor-cdn.imweb.me/js/slick.min.js	assets/vendor/js/slick.min.js
https://vendor-cdn.imweb.me/js/snow.js	assets/vendor/js/snow.js
https://vendor-cdn.imweb.me/js/tinycolor-min.js	assets/vendor/js/tinycolor-min.js
https://vendor-cdn.imweb.me/minify_css/vendor_blue_10.css	assets/vendor/minify_css/vendor_blue_10.css
https://vendor-cdn.imweb.me/minify_css/vendor_red_10.css	assets/vendor/minify_css/vendor_red_10.css
